lunch,enrol,math4,math7
36.3,1089,28.8,43.4
39.2,1100,32.3,49.3
38.6,1011,39.1,36.5
37.41,995,68,54.7
40.79,1008,68.4,55.4
43.84,1066,49,48
42.61,1058,75,65
36.4,129,30,
38.6,126,28.6,
52.6,126,37.5,0
51.52,59,40,0
47.3,60,83.3,0
52.24,56,90,
56.6,48,67,
59.3,90,20,50
59.2,76,37.5,16.7
50,78,100,71.4
51.22,82,57.1,16.7
62.5,81,50,33.3
48.81,84,40,0
56.41,76,50,83
23.6,1051,45.2,47.7
24,1112,32.9,41
25.3,1106,54.2,54.5
28.85,1133,63.2,63
24.93,1136,73.9,79.6
26.71,1140,63,80
28.13,1102,84,72
34.2,489,23.1,19.4
40.8,481,48.6,21.1
40.7,469,31,32.4
40.17,457,50,47.7
36.63,447,57.1,69.7
39.95,432,50,47
38.94,434,87,60
18.7,1830,44.6,25.8
19.7,1842,37.5,31.3
19.5,1872,55.7,41.6
21.41,1822,58.8,45.7
21.1,1845,65,54.5
20.92,425,62,54
21.17,1691,75,60
13.4,2702,36.6,30.8
12.9,2656,41.3,40.4
13,2715,60.5,51.6
15.96,2551,61.9,56
16.02,2622,70.4,61.5
16.19,2702,61,54
15.77,2746,72,67
19.8,2456,46.7,42.7
20.1,2403,44.5,41.8
20.3,2459,59.6,53.2
20.26,2434,64.6,55.9
19.41,2428,72.5,60
19.46,2442,75,70
19.88,2425,84,65
21.5,2881,39.2,25.9
20.9,3016,35.5,20.5
21.8,3031,59.7,34.3
22.16,2922,58.7,38.8
22.21,2930,58.3,57.1
24.31,2977,57,52
22.73,2999,70,61
19.5,2719,42.1,26
20,2786,45.9,31.1
19.9,2849,56.7,43.2
17.72,2892,62.1,45.9
18.72,3004,78,53.7
17.92,3166,72,55
20.32,3222,80,58
31.1,1665,21.8,18.9
33.4,1643,34.8,43
30.3,1643,38.3,34.7
34.2,1521,45.7,41.6
30.84,1553,42.6,61.7
30.34,1602,43,57
31.59,1612,67,52
26.6,877,36.4,19.4
28.4,873,41.3,14.8
29.4,860,48.4,40.3
30.69,859,49.4,36.6
29.72,842,68.6,30.2
24.12,825,43,43
23.77,816,70,47
18,1283,33.7,16.7
22.1,1305,31.6,27.4
21.6,1369,47.1,33.7
20.24,1365,58.9,34.2
19.79,1352,48.5,34
18.79,1324,62,36
19,1314,80,60
15.3,540,30,54.8
18.7,594,44.2,50
21.2,657,54.9,51.7
21.53,691,65.4,66.7
25.71,700,61,57.9
20.5,694,48,51
20.53,693,77,63
9.7,2723,39.7,52.1
13.3,2774,46.8,58.4
10.9,2112,46.7,53.2
11.92,2131,65.3,53.8
9.59,2132,64.1,71.3
11.63,2224,62,55
10.81,2219,80,60
0,53,100,
0,51,25,
0,50,75,0
0,31,60,0
0,30,77.8,0
0,27,14,
0,26,100,
40.2,2087,29,28.1
41.5,2078,35.3,33.4
40.1,2049,38.7,32.8
34.99,1992,60.4,53.3
34.08,476,65,59.2
35.13,476,55,47
36.43,465,72,59
30.1,5971,33.1,28.5
30.9,5945,47.5,40.8
30,5954,47.5,48.1
32.39,5773,63.1,56.2
31.27,5842,64.9,63.9
32.17,5843,57,50
34.11,5713,70,63
41.5,184,7.1,16.7
45.5,186,15.4,14.3
45.9,180,15.4,11.1
50.25,192,27.3,23.5
48.42,190,33.3,21.4
47.92,193,9,21
45.31,188,50,0
27.4,489,48.6,23.1
32.3,491,50,53.8
33.1,486,51.4,31.7
33.46,512,48.8,64.9
31.02,501,58.5,58.1
33.2,498,76,44
32.09,520,65,83
28.3,603,66.7,21.2
26.1,626,44.2,47.6
22.5,616,59.6,42.9
20.09,636,79.7,62.5
19.56,658,78,56.3
19.88,654,79,67
19.79,650,97,71
22.3,1281,39.8,40.9
23.4,1276,50.5,43.2
23.3,1338,70.4,48
21.41,1358,82.7,39.3
21.25,1439,82,61.3
22.63,1449,84,64
24.95,1443,77,79
30.1,281,25,14.3
27.4,273,52.9,53.3
29.2,278,28.6,45
29.72,291,60.9,58.8
27.92,287,57.1,73.7
39.44,264,85,63
31.75,255,71,65
32.1,928,20.7,19.7
34.3,991,19.7,26.9
30.5,970,50.8,17.7
33.59,1025,60.3,37.5
40.48,1038,54.5,35.1
53.9,1067,51,31
55.62,1097,82,37
40.6,536,10,22.6
44.1,524,15.6,14.3
42.3,523,22.2,11.1
49.6,519,44.7,24.4
47.28,506,29.7,26.4
47.35,489,44,28
49.09,479,69,51
32.4,566,27.3,42.3
31.4,570,45,19.6
30,577,64.3,26.5
35.55,580,60.5,35.7
32.43,578,50,58.7
31.76,605,70,41
37.73,603,75,45
34.3,2169,29,29.1
33.8,2171,40,39.9
32.5,2202,43,39.7
38.82,2128,51.5,45.5
37.43,2167,37.6,40.5
34.95,2090,43,36
34.31,2078,70,49
62.5,56,50,
61.8,54,37.5,
62.5,62,80,0
59.46,37,88.9,0
48.57,35,50,0
54.05,37,40,
55.56,27,60,
34.8,871,20,22.4
40.7,878,38.9,36
37.2,847,38.5,36.4
37.95,879,45.8,35.9
38.52,856,46.4,37.1
37.59,799,42,51
34.18,820,84,72
25,2171,36.8,32.6
26.7,2150,40.1,27
30.9,2195,62,35.4
29.46,2069,67.1,45.6
27.29,2096,67.1,48.6
28.43,2123,69,44
29.93,2177,78,65
18.4,3403,40.8,32.9
20.1,3461,46.6,34.7
19.3,3435,44.1,47.1
21.35,3358,68.4,52.9
21.28,3410,73.7,57.3
20.06,3411,71,54
21.76,3380,83,69
15.6,2338,30.5,33
16,2363,35.3,37.9
16.6,2419,46.9,47.8
17.68,2513,53.4,43.1
16.22,2558,60.7,60.6
15.99,2637,64,53
14.8,2628,81,57
25.9,11294,32.9,28.1
29,10971,36.2,32.1
36.3,10770,46.6,36.5
38.9,10374,66.4,46.7
37.27,10298,55.5,42.3
32.6,10604,53,38
34.97,10605,69,55
22.5,3136,42.3,30.1
24.2,2910,40.5,34.6
25.7,2782,52.4,45.8
24.99,2687,73.1,57.7
25.43,2646,78.2,56
23.41,2733,79,43
22.74,2671,90,52
13.9,1794,28.9,63.2
14.2,1824,59.3,50
15.9,1796,60,67.4
15.43,1804,75.4,52.2
13.97,1765,72.4,75.5
17.87,1833,66,67
14.56,1881,78,73
24.1,2514,46,28.4
32.3,2482,52.7,33.3
29.7,2476,47.9,41.7
35.05,2261,65.2,53.3
31.15,2248,54,56.5
32.98,2280,54,43
30.84,2238,67,62
35.1,1677,30.8,30.7
35.6,1698,41.1,22.3
37.5,1775,39,32.6
39.3,1775,70.9,33.6
38.66,1827,56.6,52.6
36.99,1862,59,38
42.87,1908,74,57
32.7,556,48.6,28.6
31.5,533,61.1,61.1
32,544,42.1,56.1
33.04,573,63.4,50
33.16,583,84.4,82.5
33.39,599,71,63
35.71,595,78,80
25.5,1916,43.6,38.1
36.5,365,46.2,37.2
28.3,1948,48.6,42.4
40.61,393,67.4,46.7
42.12,396,62.3,49.8
41.96,1825,58,45
41.17,388,72,55
79.1,7433,15.1,6.1
79.5,7585,12.4,10.2
82.2,7280,30.1,9.7
80.67,6229,53.1,15.4
83.62,5995,45,13.8
84.45,6030,48,9
81.88,5810,68,14
8.1,2488,51.1,64.5
7.8,2549,66.8,56.2
7.4,2599,67.9,57.1
7.04,2684,75.7,71.7
7.33,2656,70,77.8
7.84,2676,74,70
8.16,2780,80,83
9.9,2844,53.6,46.6
9.7,2933,56.5,44.8
11.5,2939,64.3,54.8
11.2,2925,71.2,67
11.27,3009,66.7,69.4
11.4,3008,58,73
11.79,2974,65,75
15.7,1368,49.4,31.7
16.2,1336,49.4,22.5
17.4,1298,61.1,41.4
21.98,1331,79.5,44.4
24.39,1336,76.4,50.6
25.69,1302,83,58
25.38,1323,82,47
18.2,577,25.6,28.6
23.6,602,50,36.6
18.2,577,31,18.9
21.76,540,40,20.9
20.21,501,48.1,40.9
26.22,512,30,27
24.4,456,70,47
23.4,724,36,21.5
24.7,672,40,32.3
25.7,645,65.7,45.3
27.65,655,83.3,51.8
30.89,638,53.3,48.8
35.77,645,55,56
34.89,612,67,28
23.2,1720,47,31.4
21.6,1750,58,33.1
21.7,1732,64.9,35.7
22.75,1629,74,39.6
25.48,1621,71,61.5
22.91,1676,65,52
24.44,1722,81,70
38.2,1875,47.9,40
42.4,1789,42.6,38.3
40.4,1744,63.7,43.9
45,1623,75.8,56.1
48.15,1702,72.7,57.5
45.24,1738,65,65
48.41,1759,71,57
56.1,700,73.1,23.9
54,702,49.1,34.4
53.4,830,45.6,25
51.84,880,59.6,27.8
53.48,872,45.8,50
54.3,918,60,26
53.64,893,81,30
32.3,4669,53.2,39.7
34.5,4572,50.7,37.8
36.6,4455,48.4,30.2
40.83,4122,72.4,48
39.89,4097,65.7,57.3
36.87,4142,66,48
36.56,4172,68,59
28.8,1995,34.4,33.3
30.6,1969,52.6,33.8
39,1898,48.4,34.7
29.42,1741,69.5,56.6
30.81,1767,77.2,60.7
33.5,1826,83,42
31.41,1816,91,59
25.6,1226,38.6,25
22.3,1438,38,40
28.2,1321,48.5,41.4
36.66,1223,70.6,43.8
35.38,1260,62.7,48.4
35.82,1322,43,43
37.49,1318,68,55
40,2012,41.8,34.4
40.5,1887,34.2,34.2
43,2447,52.6,44.8
46.85,2419,70.1,55.2
44.85,2362,68.6,42.2
46.36,2369,46,49
43.57,2349,77,67
8.8,871,41.7,64.2
9.6,891,54.8,71.2
12,918,40,54.7
15.34,910,60.8,55.1
14.35,911,49,59.6
13.69,906,46,72
15.48,960,78,92
0,77,22.2,
0,72,37.5,
0,69,25,40
0,60,66.7,25
0,52,75,50
0,51,17,33
0,54,50,40
22.4,4001,27.7,37
21.6,3945,40.3,42
21.7,3869,47.8,46.3
20.57,3600,60,54.7
21.23,3582,47.4,54.5
21.14,3466,49,56
23.36,3506,65,65
29.2,1493,27.6,30.6
27.4,1447,36.1,23.8
32,1460,34.7,29.9
35.49,1488,44.6,34
30.56,1450,40.6,51
30.36,1491,44,49
37.86,1477,54,59
17.6,1519,21.2,28.7
20.6,1499,30.6,31.9
21.7,1482,32.1,39.6
24.68,1507,56.9,40.5
27.12,1469,40,42.7
28,1515,38,28
22.6,1546,63,50
22.9,2174,35.6,31.9
32.1,343,44.2,33.5
34.7,378,45.8,38.7
34.41,381,58.5,44.5
37.49,2106,57.4,52.1
33.89,384,52,47
34.05,382,71,57
42.7,2319,30.7,21.4
55.2,2264,32.5,25.4
58.1,2208,27.6,23.3
59.47,2076,54.1,33.6
61.38,2088,39.6,30.5
55.1,2105,38,29
60.91,2082,68,47
42.3,9382,20.5,20.5
51.2,9166,29.6,21.9
52.4,9238,21.8,20.6
54.62,8623,44.4,27.7
59.71,8657,44.9,41.3
56.68,8647,41,32
56.11,8546,60,43
20.2,886,43.9,45.2
23.7,917,54.9,27.1
21.5,923,36.4,71
25.2,904,59.2,50
27.18,931,62.5,53.2
24.69,924,38,37
23.89,920,66,64
16.6,2723,36.7,40.9
19.5,2832,48.9,36.3
18.3,2800,51.6,43.1
21.72,2653,77.3,48
20.91,2652,72.7,68.7
19.83,2689,66,57
16.98,2775,87,78
23.3,1065,26.8,27
28.7,1048,55.6,38.2
28.1,1081,39.7,27.7
29.28,1027,77.4,49.4
31.43,1036,91.5,68.3
30.75,1087,64,52
31.74,1137,84,57
9.6,3326,39.6,47.8
9.7,3341,47.6,24.7
11.9,3327,57.8,47.3
12.42,3320,63.8,53.1
12.83,3365,66.8,59.7
10.45,3420,62,64
10.08,3472,77,68
27.5,356,31.8,42.1
32.9,356,33.3,50
32.3,360,35.7,54.1
30.99,222,45.8,60.9
31.94,222,48.1,65.2
34.7,249,56,58
29.44,261,71,53
13.9,2396,47.3,39.8
13.2,2423,54.2,45.9
12.6,2470,65.7,48.9
15.64,2541,77.2,68.4
16.68,2588,72.3,61
17.36,2649,56,65
17.41,2641,73,58
12.7,1653,46.1,36.7
15,1689,46.7,39.8
16.6,1719,50.5,46.1
16.7,1704,59.7,61.8
16.13,1740,60.3,51.5
18.12,1800,64,58
18.31,1744,74,64
25.7,438,23.1,11.5
32.6,471,41.9,15.4
33.3,449,71.9,23.5
37.2,425,86.2,41.4
42.3,433,48.4,37
39.64,415,84,46
29.17,381,83,52
23.5,1369,33.6,24.5
25.7,1362,50.5,41.2
29.2,1399,50,30.8
30.17,1341,65,51
24.61,1356,51.9,53.7
28.04,1393,60,33
40.31,1381,81,44
40.5,1507,25.8,16.7
42.3,1604,47.3,12.3
44.7,1589,45,31.9
45.47,1449,48.8,35.6
46.77,1424,71.6,33.7
44.51,1401,65,17
40.54,1411,62,26
38,3330,39.6,26
39,3349,41.2,29.4
37.7,3252,48.8,35.1
35.94,3074,61.9,44
38.51,3073,65,43.7
37.15,3058,67,36
44.15,3074,86,63
23.3,1845,27,45.5
22.9,1889,33.1,33.3
24.6,1921,48.2,47.1
21.21,1929,53.1,43.1
23.98,2037,59.9,65.1
22.59,2108,57,64
21.37,2109,68,72
31.9,1009,21.1,31
26.2,987,41,44.9
35.8,1055,34.3,56.7
31.15,1031,67.9,64.1
33.06,1098,62.3,88.9
32.74,1092,60,81
40.12,1091,44,82
25.4,880,37.4,29.5
26.6,907,43.5,42.7
21.2,338,48.5,43.7
28.18,939,58.4,56.7
26.36,360,65.6,65.2
27.68,778,64,64
28.39,339,79,74
0,78,66.7,40
0,82,33.3,50
0,87,75,50
0,83,45.5,60
0,101,85.7,50
0,90,80,50
0,91,89,80
22.6,1362,33,34.5
27.7,1415,49.5,25
23.8,1383,60.2,47.2
24.92,1464,73.2,51.4
27.36,1397,81.6,62
25.38,1460,74,57
25.55,1499,76,75
33.1,333,40.9,13
38,332,18.5,54.2
38.5,348,28.6,20.7
41.82,329,39.1,57.1
36.88,321,30.8,31.8
34.97,299,39,52
36.16,273,50,71
18.3,1305,33.3,51
18.1,1327,40.2,51.9
18.3,1335,51,53
18.87,1381,61.1,67.3
17.23,1418,71.1,60.8
17.21,1365,49,54
18.2,1346,76,60
37.7,1168,26.9,31.9
38.6,1199,35.6,20.9
36.5,1210,36.4,38.5
36.38,1209,46.4,52.6
30.76,1206,43.8,57.4
31.74,1237,62,69
37.67,1234,87,61
37.2,2426,23.3,35.3
32.2,2475,31.8,32.8
32.6,2474,37.9,42.5
40.21,2380,49.4,47.1
35.84,2364,61.2,56.4
33.83,2320,56,59
43.55,2315,70,56
34.7,831,26.6,26.4
34,883,52.4,30.6
32.3,914,36.1,40.6
33.18,926,36,33.3
32.47,955,60,51.7
31.6,991,41,45
27.84,998,78,57
21.4,233,12,35
18.4,222,33.3,29.4
22,239,35,57.1
29.18,239,52.6,50
27.54,242,42.1,52.6
0,240,87,71
22.93,236,50,76
63.9,350,20.5,46.7
59.9,363,26.9,33.3
60.6,375,38.2,51.5
60.41,377,71.4,60
62.91,380,54.8,40.7
56.76,368,68,75
60.63,371,100,100
31.8,759,35.2,38
31.7,268,43.7,38.6
31.9,232,43.9,50.8
37.88,692,50.8,41.3
37.74,264,48,51.1
38.03,661,48,41
41.25,659,67,59
37.6,3722,28.2,25
40.3,3762,31.1,27.3
36.1,3538,28.8,30.7
33.41,3240,51,38
31.13,3133,49.2,45.3
34.19,3168,56,35
36.24,3178,61,62
21.3,287,50,29.2
33.6,271,33.3,37
34.8,279,52,70
38.31,295,75,50
41.38,291,71.4,47.4
37.28,291,44,63
38.25,283,88,41
26.8,608,34.5,23.5
26.1,602,55.2,27.5
27.3,582,28.9,28.2
27.25,405,40.7,44.8
33.33,431,43.5,67.9
32.79,498,55,64
31.16,503,79,67
34.2,1168,21.4,31.6
34.8,1173,25.4,29.1
39.2,1245,42.9,39.4
39.61,1256,52.3,41.6
39.99,1276,41.7,49.1
41.44,1294,30,38
45.88,1279,62,67
40.6,555,32.4,22.2
44.9,546,52.5,29.1
42.9,560,28.3,36.5
41.34,573,52.6,48.8
43.31,590,41.9,62
39.2,597,41,32
36.03,605,68,52
29.1,1645,39.8,33.9
32.2,1615,27.8,52.9
33.4,1628,43.6,50.9
37.33,1527,54.2,59.1
34.41,1497,55.8,37.8
36.84,1517,62,55
32.53,1552,69,63
50.2,1644,29,34.1
48.3,1656,25.2,43.1
47.6,1653,39.8,33.3
51.04,1634,42.3,40.9
43.75,1712,31,43.9
44.92,1750,32,34
46.35,1754,56,58
54.2,2073,17,23.7
54.3,2171,25.3,32.4
53.5,2279,23.5,21.6
61.18,2266,39.7,46.3
58.86,2318,54.4,53.2
57.01,2347,37,42
60.99,2350,68,70
7,2023,53.8,54.6
6.9,2119,53.6,60
6.8,2205,68.6,69
5.6,2226,76.6,61.9
5.07,2338,68.2,62.2
5.2,2482,70,71
4.62,2526,78,76
7.8,532,47.1,46.7
10.3,511,45.8,46.7
9.3,527,50,57.6
9.03,514,37.5,76.5
8.67,512,75,76.5
8.35,504,61,85
13.32,500,86,90
20,1029,31.5,29.6
16.4,1068,52.2,37.9
17.7,1013,34.6,50
17.96,1011,71.1,66.7
16.41,1021,54,61.5
18.09,1033,67,43
19.06,1022,75,51
20.7,1822,48.2,35.4
23.9,1802,46.6,44
23.3,1831,39.7,36.6
22.83,1857,69.2,40
25.36,1837,70.2,44.5
27.09,1822,76,35
27.02,1814,82,64
8.6,658,33.3,34
9.4,669,33.3,45.5
9.4,638,26.3,48.1
9.22,641,71.4,57.1
10.33,620,76.5,82.2
8.42,643,90,78
9.19,627,100,88
15.4,3448,45.3,41.9
14.7,3434,57.1,53.7
13.8,3403,66.8,71.4
13.69,3300,70.5,63
12.84,3299,81,74.8
12.66,3354,66,62
14.8,3445,80,72
39.3,2192,27.7,60.1
39.6,2135,31.9,65.1
38.6,2165,37.8,56.8
43.85,2227,43.3,55.5
43.85,2300,42,75
44.39,2334,52,58
43.68,2268,65,51
22.9,3957,37.5,38.3
22.6,3959,47.7,38.9
23.6,3945,47.3,46.9
25.44,3891,65.7,59.9
25.41,3873,58.5,63.2
25,3858,66,56
27.92,3757,75,73
20.4,2050,30.9,34.4
19.8,2066,34.2,41.7
18.8,2034,36.2,27.2
21.61,1965,34.8,49.2
24.24,1932,51.4,49.7
21.51,1900,54,56
22.64,1824,74,78
38.1,535,44.7,38.9
38,541,38.5,22.9
35.6,533,35.7,54.8
37.93,551,36.4,44.1
37.14,549,63.6,60.9
39.34,549,62,48
35.61,527,85,62
37.7,376,21.2,42.9
42.9,385,26.1,33.3
45.7,380,42.1,22.2
50.41,367,31,24.3
46.51,383,73.9,52.1
46.04,385,42,60
50,355,96,62
41.8,655,38.5,42.1
41.3,656,34.1,23.2
43.8,647,38.1,34.1
40.45,601,62.5,63.5
42.51,581,79.5,56.1
35.29,560,69,43
40.57,578,77,70
50.5,444,54.2,18.8
45.1,412,56.5,30
46.3,428,61.1,67.6
49.53,425,64.7,46.2
48.4,404,88.9,56
44.22,387,68,68
44.69,357,96,72
15.1,1648,54.4,40
18,1655,53.6,40.9
18.3,1586,61,51.2
41.31,1337,63,69.6
40.31,1401,66,67.8
41.11,1482,71,67
21.77,1529,86,84
16.6,2212,35.3,41.6
17.5,2195,40.1,41.4
19.6,2215,41,44.6
19.16,2285,59.2,65.7
20.05,2270,65.5,54
20,2264,60,52
22.06,2234,76,62
28,585,30.4,25.6
34.6,575,32.4,45.8
33.2,555,45.9,46.9
30.96,530,55,52.6
35.05,517,53.7,34.1
36.61,510,53,63
37.42,481,73,79
10.9,2136,41.7,34.8
13.5,408,50.5,38.1
13.9,371,55.7,46.2
16.29,468,70.5,58.5
15.05,2031,66.7,60.4
16.74,1813,64,60
17.9,1820,77,71
22.7,1127,34.1,21.6
23.8,1102,36.5,36.3
24.5,1090,44.4,26.7
23.45,1047,58.8,42.7
22.54,1006,49.4,41
18.77,1004,52,25
21.29,1031,61,62
18.7,3579,33.8,45.6
18.5,3545,40.7,31.3
18.3,3541,53.9,50.2
18.25,3484,75.7,49.3
17.77,3442,66.9,57.7
16.12,3456,61,59
18,3444,64,76
13.7,3077,41.4,30.6
15,3087,34.7,28.3
15.8,3122,40.3,47.4
16.3,3141,57.4,53.5
15.19,3166,66.4,47.7
16.85,3159,60,50
17.69,3224,74,60
9.1,5506,60.1,39.5
8.8,5125,64.9,49.6
9.8,5098,65,50.8
10.2,5051,78.2,73.1
9.92,5121,77.9,68.6
12.54,5194,76,70
13.08,5217,88,76
22.6,1716,25.8,32.5
22,1712,54.9,37.5
25.8,1727,65.4,35.5
23.15,1644,61.8,47.7
24.09,1630,48.3,66.1
25.32,1652,53,62
26.8,1626,70,68
17.4,1225,48.2,35.2
19,1242,42,33.3
21.5,1269,41.7,40.6
23.03,1295,47.7,45.2
22.19,1308,66.7,62.6
23.14,1334,46,57
22.05,1321,78,61
12,1042,47.4,25.9
12.6,1039,58,31.6
13.2,987,54,46.9
16.97,774,68.1,47.2
15.63,831,41.2,58.5
19.55,851,57,57
18.51,847,78,54
17.2,973,47.8,45.7
18.5,1026,47.6,50.7
19.1,1013,56.3,62.7
18.04,1029,66.7,63.9
16.7,1021,71.8,77.6
15.87,1053,63,73
14.32,1042,76,85
39.2,523,30.8,13.2
41.4,514,69.6,50
40.5,512,50,46.2
48.65,510,60.6,55.9
47.75,504,85.7,88
51.11,489,73,56
56.04,480,77,65
35.3,718,26.9,19
31.1,739,41.5,17
39.7,715,38.1,25.9
40.93,728,35.3,21.6
38.78,733,56.1,49
38.87,751,70,53
42.59,743,74,65
18.1,2455,31.7,38.3
20,2580,39.3,42.9
20.3,2696,57.7,60.1
23.87,2790,62,60.5
22.64,2825,69,74.5
26.28,2864,62,74
24.96,2933,85,82
49.9,29366,19.5,12.1
51.5,28114,21.8,15.6
52.8,27443,23,14.3
62.76,25966,35.5,18
65.75,25995,30.3,17
63.58,25460,36,16
63.12,25107,52,20
7.5,5443,51.1,43.9
8.1,5491,50.7,45
8.6,5587,60,49.7
8.51,5602,73.9,64.7
7.9,5734,79.4,66.7
8.29,5722,75,57
8.67,5782,86,72
21.1,3676,22.2,22.6
26.7,3505,24.4,26.4
28.8,3441,60.4,38.5
28.09,3159,68.5,43.3
32.16,3153,53.1,47.7
33.18,3217,52,44
33.07,3172,52,51
3.2,1571,41.9,35.5
3.4,1572,42.1,48.4
3.7,1621,48.3,56.9
3.57,1584,65.4,56.9
4.1,1613,70.2,72
3.43,1690,68,71
3.83,1736,75,75
35.7,2358,13.6,17.9
43.6,2139,24.6,25.2
46.3,2027,31.5,33
45.93,1557,31,31.7
43.26,1585,42.1,38.4
42.85,1697,35,37
43.09,1661,70,38
24.1,891,19.7,22.6
27.2,850,22.6,19.6
28.6,877,35.3,37.1
33.49,912,58.5,37.5
35.9,959,45.1,42.1
37.47,948,31,40
38.81,970,65,58
25.8,5244,45.1,37
27,5174,59.6,35.7
31.3,5254,59.3,43.2
30.97,5156,69.3,61.3
29.33,5198,73.9,64.3
27.69,5270,71,56
30.51,5372,77,60
10.9,2915,48.1,36.6
12,2963,54.1,37.7
12.9,3060,62.8,51.7
13.69,3011,71.1,63.9
14.6,3117,81.1,61.3
12.11,3190,76,61
14.97,3342,82,73
13.7,3589,42.7,35.8
15.2,3626,59.1,30
18.5,3629,64.7,34.1
16.32,3481,78.5,42.4
18.1,3535,73.8,61.3
14.34,3777,71,70
20.8,3881,87,77
8.9,4071,56.1,54.3
9.8,4077,59.4,54.1
9.5,4080,68.5,60.4
8.74,4093,77.9,69.8
7.99,4190,77.2,72.7
7.45,4229,73,70
8.18,4234,95,81
19,1105,21.1,27.7
24.7,1164,50,19.3
26.6,1117,51.9,24.7
38.7,1107,55.4,28.2
38.03,1090,69.6,49.4
39.25,1120,55,43
34.94,1117,71,84
11.8,4883,57.3,51.2
13.4,4903,49.6,45.1
13.7,4966,65.2,56.9
14.47,4927,75.7,67.6
13.23,4996,72.2,63.3
14.47,5035,75,63
15.07,5143,84,75
20.1,4074,45.8,28
17,4035,52.1,34.4
18.3,3950,65.9,39.8
21.04,3744,78.4,56
19.07,3748,70.5,56.4
17.66,3768,64,53
18.04,3771,88,72
14.8,4389,43.8,39.5
14,4305,54.1,39.5
15.2,4210,58,45.5
14.35,4084,69.3,53.3
14.48,4082,67.5,54.2
13.47,4175,63,54
13.76,4108,76,64
5.7,1417,41.3,37.6
6.2,1391,49.5,41.1
6.1,1391,57.8,33.9
7.78,1432,70.4,49.1
7.32,1511,64.2,55.4
7.39,1541,71,68
8.26,1555,94,68
38.2,1205,21.5,20
41.7,1204,40.8,15.7
48.1,1164,36.8,14.4
52.19,1128,54.8,19.4
51.22,1184,58.6,28.1
53.72,1214,51,21
57.95,1199,49,25
17,1138,42.5,28.6
17.2,1122,43.5,41.2
18.3,1040,41.2,32.9
17.71,1025,76.3,58.9
21.84,1089,65.5,71.8
21.88,1133,55,38
27.44,1165,82,68
72,3241,9.7,2.2
77.1,3200,18.6,4.7
72.3,3128,24.3,5.8
74.28,2870,38.9,11.6
71.66,2839,35.7,19
73.86,2826,33,16
62.94,2782,31,31
11.8,2439,44.5,31.7
11.9,2504,58.2,45.7
12.6,2583,48.6,51.4
9.99,2575,67.2,56
9.85,2678,69.1,62.6
9.13,2755,74,52
9.29,2769,90,67
21.8,1722,30.4,30.1
25,1723,35.9,30.7
25,1722,44.1,50.5
26.64,1652,68.4,44.7
25.9,1634,57.5,71.1
29.68,1663,63,44
29.39,1634,55,84
20.3,2698,42.5,30.8
22.1,2624,45.3,28.6
22.3,2510,50,41
23.91,2399,62.8,53.1
25.32,2388,59.2,50.3
24.25,2358,53,51
24.81,2287,78,55
37.3,1862,30,26.3
38.8,1874,22.2,31
40.3,1919,35.8,34.1
44.06,1898,55.9,36.5
41.31,1892,50.7,43.8
37.51,1878,40,39
44.96,1845,60,50
31.5,1986,35.8,24.8
32.3,2074,34.1,33.3
32,2019,48.3,38.3
32.58,1968,65.9,64.8
31.27,2074,65.4,56.8
30.91,2114,62,59
30.22,2135,79,69
28.4,543,28.2,51.5
26.3,562,50,30.2
24.7,567,65.6,37.5
25.87,581,68.8,47.8
24.2,592,43.2,68.2
27.05,602,44,61
30.62,567,69,72
46.9,1799,43.5,40.8
45,1813,40,48.7
45.2,1796,44.2,50
42.97,1541,68.5,55.4
44.7,1551,60.4,53.7
41.89,1538,72,46
43.07,1457,82,65
0,99,54.5,22.2
0,108,33.3,25
0,112,10,45.5
39.13,115,90,40
0,117,50,33.3
41.46,121,83,8
62.93,118,100,70
40.9,533,30,22.6
37.6,507,69.7,48.9
42.4,486,63.4,62.5
41.9,464,85.2,65.2
40.64,442,37.5,63.6
44.53,409,52,63
42.86,356,95,67
44.7,161,37.5,54.5
47.3,184,22.2,38.5
50.7,195,50,40
56.81,208,42.9,63.6
47.26,207,50,57.1
55.2,221,25,50
58.16,192,57,30
29.3,1438,37.3,34.6
23.5,343,41.8,38.3
29.7,1481,48.1,41.4
28.6,395,66.4,54.9
28.92,1500,64.5,61.6
29.57,1430,62,59
29.54,1438,78,72
23.5,10505,43.3,41.5
23,10761,49.3,40.5
23.9,10874,56.7,57.6
24.06,11074,69,65.3
24.13,11123,68.5,65.1
24.8,11085,62,65
23.25,11010,80,78
36,384,44.4,52.6
37.3,398,29.6,21.6
36,390,40,28.6
35.15,404,53.3,52.9
38.97,408,38.7,40.7
37.38,419,36,40
41.67,419,44,68
35.2,1363,31.7,34.3
39.9,1323,41.1,21.4
39.1,1338,54.1,37.8
42.14,1135,67.9,43.4
46.42,1171,72,63.3
43.92,1211,72,53
42.59,1279,96,74
27.6,1781,35.6,33.3
31.2,333,42.5,33.3
30,327,46.4,42.1
30.17,419,64.1,46.8
28.67,1693,61.8,59.9
29.91,1536,62,51
29.86,386,73,65
32.9,2941,43.9,29.6
37.1,2958,50,33.7
34.6,2900,64.4,38.8
34.19,2725,76,50
34.61,2748,66,64.1
35.58,2788,72,52
34.61,2708,78,77
34,440,31,45.2
34.1,424,40,27
34,428,18.5,37.5
34.02,423,40,44.8
34.94,413,57.1,62.5
36.39,404,61,52
38.57,414,76,56
28.6,1239,39.8,38.1
33,1222,30.3,34.5
31.8,1224,53.4,20
37.94,1219,62,37.6
34.4,1214,72.1,44.6
33.2,1207,55,59
33.47,1226,70,61
19.7,871,31.8,32.2
19,1007,41.5,26.4
21.8,1007,45.2,40.3
23.85,876,65,46.7
17.95,910,60.4,44.8
22.64,967,53,40
24.44,968,74,70
26,1679,41.2,34.3
25.6,1696,47.1,36
26.2,1660,54.9,48.3
25.78,1611,54.2,47.3
25.56,1647,52.9,52
30.22,1629,55,43
29.82,1604,70,65
30.7,1478,30.6,36.2
32,1507,26.8,33.7
30.4,1509,40.4,72.2
33.61,1449,62.8,45
36.31,1463,60.9,58.8
34.04,1415,61,47
34.07,1395,79,50
29.5,774,24.5,25
26.3,747,41.7,30.3
27,725,48.3,24.5
26.75,739,67.7,39.2
27.27,763,51.2,47.7
29.77,775,48,43
31.37,719,76,73
24.1,2619,26.9,27.8
27.2,2580,38.5,17.6
31.6,2644,37.2,28.7
30.22,2406,52.5,32.9
26.92,2317,56.3,50
29.76,2251,49,47
26.52,2095,78,61
21,1195,23.8,20.4
22,1202,37.5,40.9
23.8,1203,33.8,42.4
26.24,1180,61.4,43.2
24.3,1180,35.7,50
25.91,1198,41,39
27.68,1234,53,45
29.9,580,23.3,35.1
33.2,578,12.5,34.8
33.5,588,28.6,43.6
31.27,632,32.7,27.3
29.26,647,36.6,27.3
30.97,660,47,32
33.44,656,49,53
19.2,612,17.6,14.3
23.8,598,29.8,21.1
23.2,584,25.5,27.1
22.15,608,41.7,30.6
22.63,623,43.2,54.8
20.06,621,40,30
23.62,594,43,67
29.3,852,17.5,23.9
28.7,888,36.8,26.2
28.8,868,50,29.8
26.71,852,47.6,38.1
26.99,831,64.3,48.2
24.64,845,47,45
29.05,859,75,61
30.4,973,31.3,22.2
28.6,995,23.1,33
27.3,1004,27.6,26.8
32.28,1025,49.4,42.7
31.66,1045,36.7,26.1
30.86,1060,35,39
32.22,1049,63,42
34.9,499,8.3,23.4
38.6,507,12.5,17.4
37.5,477,69.2,43.8
37.5,462,57.7,37.5
36.53,499,48.6,39.3
41.25,466,49,24
41.57,433,62,50
33.4,1044,54.1,54.1
29.1,1084,63.3,47.5
32.6,1061,57.3,61.4
32.45,1063,62.9,60.5
31.68,1049,66.7,63.3
32.99,1084,80,61
31.74,1093,87,72
50.2,470,37.5,36.1
49.2,488,25.6,60.5
42.9,490,31.1,42.9
40.28,539,71.4,52.8
44.96,531,67.4,41.7
41.51,537,48,56
46.34,533,64,63
44.4,1686,48.4,48.4
45.4,1686,58.4,50.9
46,1682,60.8,49.6
52,1691,59.8,59.4
48.45,1749,59.9,66.4
46.03,1763,65,56
50.54,1742,69,53
0,313,55.6,58.6
41.1,333,48,57.1
41.7,346,52.2,34.8
35.11,356,69.6,36.8
44.48,354,76.7,50
37.82,357,63,56
37.85,325,57,50
28.9,314,51.6,29.6
30,310,29.4,68
13,306,32.3,50
23.93,305,42.9,65.5
25.93,298,37.5,50
28.25,315,67,56
32.6,301,95,48
21.7,1227,61.5,46.3
27.2,1234,54.5,48.8
26.3,1235,66.7,67.5
28,1242,68.8,65.5
25.67,1271,74.7,64.4
22.52,1284,67,80
26.49,1324,83,79
32.6,658,31.4,43.9
34.1,621,23.6,27.5
34,617,59.2,43.6
30.76,604,50,76
31.06,596,62.8,56.3
32.5,606,28,62
33.62,586,89,71
45.5,291,32,17.4
54.9,298,47.6,30
54.3,299,52.9,41.7
48.51,199,60.9,44
49.51,204,82.4,80
48.39,185,71,79
38.04,184,94,82
26.9,1509,50.4,64.8
28.4,1523,37.2,50.8
31.8,1569,58.3,57.5
28.02,1635,74.5,59.7
26.05,1565,76,63.4
27.84,1581,70,75
26.89,1528,89,87
30.2,277,23.1,37.5
36.3,286,37,52.6
33.6,284,73.7,50
43.49,290,52.2,46.2
40.69,313,63.2,77.8
41.45,301,79,83
42.9,301,72,88
31.6,1314,39.6,42.6
35,1337,48.1,54.1
33.6,1373,39.6,50.5
39.83,1375,69,48.1
38.48,1392,57.1,67.8
35.92,1376,76,55
37.41,1340,89,79
20.1,916,33.3,30.6
23.4,913,40.9,44.9
22.8,908,48.1,41.7
25.4,922,45.7,48.1
27.01,917,78.7,47.1
23.22,883,62,52
25.41,860,72,70
31.4,724,52.4,28.6
33.9,729,60.8,29.2
35.7,723,71.7,40.5
38.66,721,70,30.6
37.02,719,80,37.7
33.48,688,92,61
33.7,643,75,86
30.5,302,52.4,37.5
39,340,68,19
34.4,323,65.4,42.9
31.09,320,66.7,51.7
34.25,319,62.5,64
36.89,307,62,42
39.74,302,73,32
35.3,118,33.3,33.3
40.6,131,54.5,60
37.5,124,37.5,50
41.29,152,31.3,100
28.57,147,66.7,72.7
36.73,147,43,44
37.72,162,50,39
26,1028,51.7,45.8
29.5,984,41,41.7
28.6,971,60.3,52.4
29.5,910,68.2,76.7
32.77,939,61.8,73.4
32.71,905,55,58
37.57,919,79,65
20.1,4111,59.1,61.2
19.4,3976,65.3,61.5
19.4,3970,69.1,64
19.1,4003,70.8,77
20.12,3916,76.1,75.2
19.61,3938,66,67
18.09,3752,87,81
42.7,22752,27.5,25.2
47.7,22392,31.9,24.4
50.9,21949,31.5,22.9
50.36,20399,40.7,29.1
53.56,20337,40.6,34.1
54.87,19331,40,31
52.62,19049,60,42
9.9,873,48.5,56.1
8.8,891,46.5,48.6
11.8,891,50,52.8
10.77,886,82.4,69.8
11.85,882,68.1,69.1
10.17,862,74,70
9.96,882,83,70
7.6,2587,57.7,46.2
8.4,2629,61.9,53.2
9.5,2699,63.5,67.4
9.06,2538,72.8,78.2
8.54,2607,81,75.4
7.04,2704,79,67
8.51,2799,84,84
10.3,4927,32.2,32.7
11.4,5005,44.2,41.6
11.5,5097,43.9,55.1
12.66,5063,54.8,55.1
11.96,5255,58.6,78.5
12.53,5392,61,72
13.59,5322,70,73
20.4,1592,26.6,27.9
27.8,1575,34.2,36.7
32.6,1579,36.1,19.2
30.16,1523,37.4,31.9
28.35,1501,38.9,36.9
27.45,1472,27,40
28.23,1480,45,54
10.7,3395,56.2,55.5
11.7,3427,58.5,55.3
11.8,3380,75.1,66
13.55,3423,85.6,70.4
13.76,3426,88.8,73.6
15.2,3493,75,69
14.35,3404,87,82
4.6,4031,50.9,70.5
5.5,4046,62.5,63.8
6.8,4144,69,67.2
6.22,4178,70.1,78.7
6.89,4323,80.2,77.3
6.96,4284,76,71
6.61,4303,90,87
11.3,3294,39.6,38.2
11.1,3268,59.3,52.4
13.8,3233,70,66.3
14.27,3270,73.7,64.6
14.04,3249,83.3,76.5
12.58,3295,73,63
17.34,3321,77,73
14.8,935,46.9,26.1
17.8,880,48.5,44.9
17.5,874,65,28.6
15.32,838,63.3,62
15.59,817,53.8,58.2
13.54,806,57,49
18.05,781,58,45
6.7,1637,50.8,48.5
6.3,1673,68.1,49.2
8,1694,64.8,66.1
7.57,1756,69.7,60.5
8.38,1761,60.8,64.8
7.16,1784,81,57
6.07,1826,84,71
30,3408,37,34.8
32.7,3482,48,39.8
32.6,3453,51.9,40.3
33.06,3510,62.8,49.6
34.12,3540,83.1,68
35.63,3524,78,61
36.81,3467,86,68
39.5,245,12,20
38.4,268,42.9,18.8
38.4,265,28.6,20
40.56,184,56.3,33.3
38.02,194,53.6,33.3
34.43,177,33,62
39,197,40,63
34,2574,29.5,37.6
29.9,2606,36.2,34.5
31.6,2574,47.7,30.8
29.77,2534,42.4,38.8
26.45,2545,46.7,37.3
27.59,2593,41,36
26.95,2618,63,49
21.5,2823,47.7,47.4
21.1,2840,56,50.5
27.2,2816,67.8,57.8
24.2,2791,66.5,54.8
21.71,2814,70.4,60.3
23.25,2842,65,60
24.55,2839,81,66
14.8,1877,58.4,44.4
14.4,1844,63.5,56.7
14.2,1865,58.9,63.3
14.92,1820,75.8,68.2
14.2,1840,82.3,78.8
15.76,1926,71,75
15.78,1941,80,83
17.7,1172,35.5,42
18.4,1210,35.9,53.3
23.4,1236,36.6,53.3
24.88,1203,59.4,55.7
22.33,1236,47.9,60
17.07,1229,54,56
18.58,1230,73,83
0,77,28.6,
0,68,25,
0,72,16.7,0
0,29,33.3,0
0,30,100,0
0,28,50,
0,30,100,
37,3487,26.4,29.4
40.4,2732,34.1,31.3
43.5,2229,40.6,37.1
45.82,2231,38.6,47.5
42.64,2297,47.1,45.2
44.72,2217,35,45
48.8,2256,66,74
46.7,781,27.1,16.4
46,761,25,17.3
49.1,762,38.6,31.5
51.19,761,53.2,41.9
52.96,778,55.9,43.3
51.82,768,37,47
53.86,822,66,62
25.7,1761,24.1,35.8
27.4,1765,36.7,47.4
26,1710,49.6,51.2
32.07,1730,64.7,59
26.54,1777,69.2,61.8
27.6,1832,46,67
27.1,1827,85,79
57.4,1917,20.5,24
51.2,1964,35.1,20.4
54.8,1931,35.4,16.7
56.46,1486,41.5,18
54.56,1477,29.3,43.2
54.18,1537,31,27
58.06,1498,44,41
35.9,758,41.9,55.8
29.6,751,70.5,54.9
28.3,761,67.9,41.3
29.78,776,73.3,42.9
31.68,746,48.3,70.3
30.48,760,77,49
28.7,753,92,79
31.1,1533,45.5,29.8
31.3,1514,48.5,33
32.5,1537,43.2,37.5
34.57,1485,55.9,48.1
37.36,1509,49.5,53.1
34.34,1485,53,55
35.58,1456,63,51
24.1,4846,46.2,45.4
25.5,4663,56.6,47.8
25,4607,58.8,48.3
27.08,4346,63.2,52.2
24.78,4405,63.6,69.3
26.17,4352,64,56
24.69,4325,73,64
26.1,517,17.9,19.6
25.2,507,46.4,38.5
28.2,503,32,37.3
26.43,524,67.7,54.7
26.13,538,42.9,64.2
24.91,538,33,69
24.29,592,95,77
26.7,2019,37.8,19.2
28.7,2009,43.9,22.2
28.6,1932,50,36.4
30.73,1895,62,37.6
26.06,1895,58.9,51.4
27.34,1894,63,49
30.49,1808,68,59
17.2,2240,41.9,45.7
19.3,2295,43.1,44.9
18.7,2277,58.4,56.5
18.69,2262,63.1,64.2
17.92,2350,55,54.5
16.37,2474,62,48
18.12,2629,74,68
19,936,41.4,30.3
22.7,943,35,18.3
23,908,41.9,34.2
23.79,932,58.3,38
22.05,998,59.7,34.9
24.56,1065,44,48
33.56,1151,70,28
10.4,1990,37.7,26.4
12,2054,40.1,23.4
13.5,2014,45.3,26
12.29,1984,47.4,47.4
14.48,1928,51.9,54.1
15.82,1903,41,40
17.37,1940,56,50
10.2,814,37.3,32.8
13.1,808,28.1,25.5
12,821,42.1,32.8
11.53,863,62.2,36.1
10,870,43.1,32.9
9.65,889,34,39
10.72,905,49,53
13.4,975,41.9,61.4
15.7,946,49.3,56.5
14.5,954,45.9,53.9
15.2,945,64.9,67.1
15.13,985,56.3,54.7
14.13,1010,60,54
18.54,1004,72,72
25.4,1485,35.2,19.6
27.7,1511,38.2,26.5
33.7,1462,32.8,37
28.74,1435,37.3,60
28.12,1499,70.6,51.4
30.31,1543,56,70
31.65,1565,68,48
16.5,1213,31,23.4
18,1227,56.8,26
19.5,1239,43.8,57.8
19.56,1236,62,39.3
18.12,1250,57.3,69.7
19.46,1293,47,52
20.73,1314,63,62
22.3,1328,22.2,35.1
24.2,1285,28.2,28.8
28.8,1203,21.6,42.7
31.44,1223,58.8,45.7
29.51,1273,57.5,35
28.95,1369,31,21
27.27,1385,71,44
14.9,1464,31.9,35.4
14.4,1480,46.4,41.3
14.2,1483,42.1,37.5
18.24,1489,61.2,24.4
16.43,1537,50.8,33.3
13.99,1594,49,43
16.14,1640,82,53
15.3,3430,29.7,32.9
16.2,3480,25.8,30.7
17.5,3615,51.5,43.3
21.35,3542,54.1,46.6
18.37,3555,64.7,51.3
20.26,3668,58,46
21.3,3716,75,56
24.7,1095,41,37.5
27.5,1134,38,19.3
30.9,1131,41.3,24.7
29.81,1085,46.3,41.2
34.69,1074,56,47.1
32.01,1064,55,39
32.48,1091,70,45
44.4,8225,25.6,17
45.2,8156,22.7,15.3
49.8,8120,34.5,25.9
55.87,7760,37,29.1
55.41,7723,41.8,27.1
58.57,7778,43,26
58.38,7657,57,32
18.8,3815,40.3,41.5
19.7,3833,49.2,43.6
19.2,3832,53.2,47.4
28.6,3759,60.8,51.9
28.43,453,62.6,58.8
30.82,474,65,56
30.88,469,79,65
46,12127,31.8,28.1
43.9,12105,30.6,28.2
46.4,12020,35.8,31.1
50.02,12260,41,33.2
48.72,12202,52,42.7
54.17,12141,54,47
55.44,12002,69,50
14.1,675,34.7,26.9
14.1,682,48.2,24.6
13.7,678,50.9,36.2
16.48,727,65.4,61.4
13.2,706,37,51.9
15.11,714,63,52
15.78,709,79,54
27.3,2669,42.7,41.5
30.7,2689,48.6,43.5
26.5,2686,54.6,51.8
33.86,2819,62.7,56.1
34.85,2962,53.8,55.4
38.15,2981,67,55
37.49,3051,81,67
23.2,1157,25,28.4
26.3,1179,33,38.6
24.8,1163,46.4,38.5
29.05,1164,65.4,39
29.3,1175,50,44.4
32.81,1206,54,57
34.38,1224,81,64
6.4,2559,47.1,53
6.7,2671,60.5,54.5
7.4,2749,59.5,56
7.31,2883,76.7,54.7
7.48,2882,69.5,60.9
8.54,2946,68,61
8.23,2949,84,81
21.4,3762,44.3,39.1
24.2,3566,45.8,42.5
25.8,3310,55.9,40.7
24.25,1727,58.7,65.3
26.69,1785,73,60.9
31.09,1845,75,58
28.17,1903,81,54
8.2,7904,67,58.6
8.6,8016,64.9,59.1
8.5,8238,61.2,65.1
9.65,8583,75.2,72.4
9.96,8650,74.4,76.4
9.86,8881,73,63
10.04,8990,86,73
8.4,978,33.3,47.5
7.8,1002,55.1,50
5.2,1011,52.4,56.5
5.44,1056,82.3,65.8
5.41,1087,65.9,69.8
5.95,1087,64,61
7.21,1112,89,89
14.2,2502,36.4,50.3
14.6,2585,56.3,51.1
14.6,2631,62.3,51
13.13,2611,74.6,51.7
13.21,2620,78.5,66.8
13.13,2699,76,67
14.26,2699,81,77
48.3,999,22.2,25
53.1,950,23.3,28.1
49.5,984,30.8,40.4
53.85,832,51.6,32.3
52.55,836,36.5,58.9
53.41,915,43,69
49.58,833,75,80
32.5,2197,38.6,28.8
34,2311,35.6,36.4
31.3,2139,40.4,38
35.2,2082,49.6,51.2
34.01,2119,47.3,53.2
34.41,2044,49,53
33.72,2053,67,54
53.7,30785,29,20.2
57.3,30596,28.7,20.8
58.2,29796,34.9,24.9
60.31,26737,43.3,26.9
64.48,26898,49.9,30.9
61.2,27428,39,27
65.27,26727,48,35
29.3,2075,32,48.4
39.4,2115,38.2,26.4
39.9,2192,39.2,31
44.21,2358,52.8,58.9
43.08,2352,70.2,51.8
43.13,2343,56,42
44.04,2350,72,57
12.2,3154,61.7,38.1
12.3,3210,56.7,45.1
13,3266,64.5,64.1
15.09,3223,76,64.7
13.03,3181,76.3,65
13.67,3342,80,61
13.74,3335,90,74
27.2,7242,35.7,29.5
28.6,6907,43.7,36.4
28.5,6550,44.5,44.2
29.84,5825,78.7,55.1
29.06,5612,80.6,58.1
26.4,5796,82,53
29.1,5677,77,60
12.2,1724,41.6,34
12.5,1816,46.5,56.4
13.2,1891,42.3,50.7
13.41,2059,77.1,65
12.95,2112,77.9,59.7
11.44,2184,75,49
13.35,2272,91,74
5.9,2365,46.6,37.4
8.4,2475,54.5,40.1
8.8,2516,64,45.2
10,2682,78.6,69.5
8.62,2747,86.7,81.2
8.24,2854,85,62
7.96,2927,93,67
20.1,2681,41.1,29.4
24.3,2746,58.5,52.1
24.3,2825,46.6,45.1
26.56,2846,72.2,48
30.41,2894,65.3,53.7
25.94,3020,64,39
26.71,3069,78,63
10.5,2028,43.1,31.3
11.9,1882,52,40.4
7.8,1837,46,49.6
9.1,1775,74.6,58.9
9.74,1881,63.6,60.8
10.47,1968,79,52
8.42,2083,92,73
1.7,2487,64.5,65.6
2.2,2529,75.9,79.6
2.3,2502,86.3,81.5
2.27,2524,90.7,82
1.94,2613,89.7,89
2.68,2669,77,85
2.96,2623,91,95
2.7,5822,86.2,72.4
2.6,6086,89,79.5
2.4,6344,87.4,84.1
2.76,6733,98.6,89.7
3.1,6915,97.2,92.7
2.71,7244,97,86
2.53,7545,98,95
33.1,2647,33.3,20.9
36.3,2480,40,22.7
40.7,2188,68.1,42.5
41.49,1209,90.1,40.4
39.13,1251,95.1,40.4
45.66,1235,91,42
47.94,1246,98,57
9.3,4500,66.6,49.3
10.7,4769,59.8,41.8
10.2,4967,69.7,59.2
9.97,5137,86.2,69.2
9.69,5291,89.7,77.7
10.13,5433,89,70
11.28,5649,94,81
31.5,1936,53.2,28.3
31.7,1991,43.8,44.5
29.6,2046,66.9,36
31.3,2119,67.9,49.4
28.37,2235,65.8,51.8
30.31,2280,75,46
26.79,2222,73,60
16.3,2702,36,42
19.6,2865,42.9,39
20.5,2969,52.2,42.1
21.06,2987,67.4,55.9
20.82,3021,72.2,51.2
21.73,3143,65,53
21.16,3188,68,61
21.9,1691,39.7,20.6
23.8,1744,29,16
22.3,1698,44.1,26.7
20.09,1539,52.7,52.8
19.48,1520,62.7,71.1
20.81,1538,59,52
22.38,1520,98,68
16.5,7275,48.3,41.7
19.1,7563,58,45.5
20.6,7839,61.1,52
21.01,8028,80.8,62.7
22.04,8246,77.6,68.9
23.64,8319,71,60
23.78,8453,82,75
12.2,3339,34.6,41.9
14.1,3376,48,44.4
12.2,3390,71.8,53.5
13.83,3274,72.5,59.8
14.85,3388,72.1,77
15.34,3506,83,73
16.96,3556,93,85
7.1,5715,51.1,42.8
9.3,5926,51.7,40.8
6.9,6048,65.8,45.3
9.56,6306,87.5,69.1
6.3,6520,85.9,69.9
7.45,6860,77,69
6.03,7024,93,78
25.9,3187,31.6,42.6
26.3,3272,37.5,42.4
23.1,3170,40.7,42.4
24.81,2953,67,76.6
26.76,2987,65.6,84
24.75,3114,49,77
25.14,3095,74,92
74.8,876,17.1,8.7
74.4,850,20,10.8
64.9,893,36.5,13.2
76.35,848,46.6,7.9
80.58,814,28.3,26.4
79.81,792,50,22
78.49,792,53,26
18.9,7990,40.6,34.9
18.9,7994,47.1,39.4
19.2,7959,63.6,47.9
18.5,7796,68.2,55.7
16.37,7868,65.4,56.7
15.63,7894,66,59
18.1,7555,77,70
13.9,1265,37.5,54.8
15.3,1313,40.4,42.9
11.1,1311,55.2,53.3
10.77,1356,68.2,58.7
10.99,1421,60.7,61.1
10.39,1426,68,56
9.19,1489,71,68
9.1,746,67.3,40.9
10.2,734,66,35.2
7.7,746,52.6,52.8
9.33,791,92.2,61.1
8.57,818,68.6,58.8
8.56,848,61,27
8.67,843,72,73
20.1,2283,36,29.7
20,2255,59.2,40.7
22.2,2273,65,43.6
26.23,2155,73.4,45
25.17,2213,74.2,70.6
25.6,2213,84,59
23.26,2207,93,66
21.2,2445,43.2,37.7
20.2,2428,42.5,34.4
20.7,2427,54.5,42.9
19.76,2399,66.5,52.5
19.86,2459,71.4,62.7
21.14,2572,68,53
19.27,2612,85,68
23.4,758,53.7,49.1
22.3,757,69,51.6
22.2,806,59.5,48.6
21.3,818,65,56.8
18.69,853,64.4,57.1
19.05,855,80,49
15.99,903,94,81
29.9,368,50,52.6
28.7,390,45,36.4
23.3,390,60.9,51.9
23.73,392,45.5,66.7
22.56,422,84.6,83.3
22.77,422,85,82
25.29,437,79,77
33.2,260,50,31.3
35.9,282,42.1,15.8
34.8,299,66.7,83.3
26.8,306,83.3,72.2
29.17,287,66.7,82.6
30.1,319,58,93
37.69,320,100,73
15.2,876,37.9,47.4
22.6,967,51.9,70.8
23.5,982,50,50.7
21.09,989,63.5,48.1
20.02,999,63.1,74
15.98,995,67,67
18.39,1072,70,78
26.4,5184,35.9,29.9
32.4,5045,39.7,30.3
32.2,5036,31.5,32.9
35.59,4782,58.8,53.1
32.3,4781,57.5,49.5
30.11,4722,55,50
31.79,4565,68,61
15.5,1219,33,43.6
18.5,1165,45.2,54.7
19.8,1188,38.3,46.3
20.69,1234,71.8,41.1
17.06,1259,48.5,56.6
17.95,1295,60,42
16.33,1298,70,59
16,1594,35.7,30.2
18.3,1551,46.3,18.7
17,1591,53,37.8
20.3,1577,57.6,43.2
18.87,1602,66.3,46.8
21.45,1610,60,42
18.67,1566,77,46
8,458,43.8,37.9
9.1,444,28.6,23.8
11,444,37.8,24.1
9.28,442,81.3,48.5
7.11,453,66.7,28.2
12.76,478,63,30
14,488,62,70
5.1,1150,38.5,46.2
3.4,1148,47.2,33.7
3.4,1142,48,37.9
5.53,1215,62.9,61.8
3.36,1223,74.4,65.9
3.85,1225,62,61
6.49,1250,63,66
16.1,408,17.1,40.6
16.4,412,22.2,25.8
22.5,406,37.5,40.9
22.11,410,42.9,37.8
18.81,420,50,61.1
12.17,411,46,65
16.02,411,27,63
22.9,1241,20.3,14.3
24.9,1285,27.1,26
20.6,1247,25.3,31.1
20.54,1261,51.3,36
19.17,1221,40,41.2
22.54,1261,37,29
24.51,1232,77,59
33.2,633,14.9,20.9
38.1,624,52.5,34.8
40.9,621,41.7,42.9
39.29,635,59.5,37.8
36.4,682,40,51.4
45.09,812,61,45
43.17,871,81,46
26.7,1081,31.3,11.4
28.3,1047,21.1,23
28,1012,33.8,41.2
28.64,985,50,45.6
28.48,997,53.8,50
27.59,1023,53,50
26.84,980,59,83
12.5,1652,35,31.7
14.8,1647,30.5,42.3
12.4,1637,57.4,58.6
10.74,1667,62.5,61.3
10.58,1699,70.8,53.1
10.28,1746,64,57
10.3,1781,83,64
22.8,941,40,42.6
25.9,914,35.3,30.8
23.5,912,50,36.6
20.43,922,45.3,50.7
21.54,940,64.9,51.4
21.08,983,72,37
21.89,977,80,43
11.4,3132,42.1,37.9
12.6,3084,50,33.8
10.9,3053,48.1,44.4
11.92,3055,61.9,48
11.19,3106,58.2,57.8
11.35,3160,58,44
12.62,3176,76,64
5.4,5750,65.3,50.7
5.6,5900,61.1,55.9
5.7,6154,58.3,58.9
5.14,6410,78.8,64.9
6.22,6550,78.1,67.9
4.73,6673,71,65
4.48,6663,83,79
17.1,2561,35.3,37
14.8,2670,32.7,34.4
15.7,2779,67.4,51
15.43,2508,67.8,58.5
16.37,2652,65.3,63.5
17.91,2818,57,45
18.85,2919,65,58
2.9,3255,41.4,46.4
3.6,3358,58.6,43.4
3.8,3383,76.1,59.8
4.87,3575,86.3,66.7
3.89,3719,83,69.3
3.1,3792,80,70
3.01,3969,95,78
6.3,5673,44.4,47.9
8,5805,55.4,49.5
8.3,5949,66.5,57.8
9.69,6098,75.3,62.7
9.17,6251,75,72.1
9.65,6512,78,62
10.05,6705,81,72
5.9,3593,46.5,44.9
6.3,3691,43.5,42.1
5.8,3854,64.8,56.3
6.03,3951,69.7,69
6.33,4142,70,63.4
3.45,4415,62,57
4.4,4520,76,60
42,1325,22.5,20.8
42.3,1244,28.9,26
46.9,1233,34.5,36.9
45.39,1245,40.5,36
42.41,1276,38.8,45.7
41.67,1260,32,38
43.51,1230,67,46
37.6,1105,25.4,36.1
39.6,1083,50.9,32.8
42.2,1047,40,46.9
37.3,893,52.5,38.9
41.46,878,50.8,70.3
38.82,864,55,38
44,872,64,56
40.7,432,21.2,34.6
38.7,434,36.7,50
40.5,407,48.3,67.9
41.8,433,46.7,47.1
46.4,438,60.5,62.5
43.74,439,63,64
50.45,440,97,58
42.7,349,15.8,50
46.2,358,22.6,33.3
50.6,362,45.5,52.8
53.87,371,47.8,41.7
49.42,343,43.8,36.4
46.55,334,50,74
45.72,339,60,61
42.2,160,46.2,73.3
42.4,171,42.9,75
44.4,174,36.4,76.9
34.58,123,58.8,64.7
31.48,124,36.4,73.3
34.82,129,77,82
44.83,129,71,78
8.3,77,25,71.4
6.9,70,42.9,57.1
10.2,88,75,80
11.24,89,80,66.7
12,101,81.8,42.9
13.33,95,100,50
16.47,93,100,100
16.6,5684,38.7,29.6
18.4,5669,43.6,36.9
16.2,520,52.9,43.5
15.99,5503,68.6,56.9
15,566,74,64
16.47,586,71,61
16.82,5543,84,73
26.1,2527,27.2,31.1
28.1,2517,35.7,65.4
28.7,2554,37.3,51.2
27.86,2603,63.4,76.3
27.88,2675,62.4,78.8
31.09,2708,52,75
31.99,2712,78,76
14.5,9212,51.1,34.1
18.9,9044,43.7,40.3
19.2,8370,50.3,28.9
24.93,6786,62.8,54.1
26.34,6784,74,52
27.38,6836,72,52
29.21,6860,90,74
21.9,6173,29.6,17.7
25.9,6220,44.6,22.3
26.7,6142,44.1,26.1
25.96,6278,73.7,50.1
25.76,6293,82.6,52.3
26.05,6333,72,39
27.1,6329,83,66
12.8,4390,38.6,25.3
15.3,4350,44.6,37.7
15.1,4513,54.1,42.2
18.76,4410,68.3,50
16.7,4519,64.4,49.7
16.71,4644,58,69
17.76,4830,65,69
6.5,1856,31.1,32.3
5.2,1743,46.8,32.2
4,1677,49.5,51.7
5.04,1639,71.6,54.3
4.97,1680,69.8,63.8
6.47,1711,65,62
6.47,1761,75,85
25,4043,38.5,17.3
29,4274,24.2,15.4
34.3,4151,66.7,65.3
31.57,2761,73.9,68.6
28.64,2955,83.9,89.8
31.8,2887,70,88
30.05,3034,88,90
4.6,9325,45.8,42.3
5.2,9502,54.5,58.1
5.2,9583,57.7,55.7
5.75,9736,70.2,74.6
3.11,9980,72.8,80.7
6.58,10248,68,76
6.64,10795,84,85
26.1,2840,37.6,18.2
29.8,2928,26.4,27.4
30.1,2903,45.7,33.7
30.45,3080,65.3,41.2
30.84,3101,65.6,45.7
30.17,3160,47,37
37.22,3171,76,47
12.5,4495,49.9,31.2
13.1,4521,60.1,34.5
14.6,4516,70.6,38.4
12.97,4654,74.9,56
15.14,4778,79.6,63.1
14.29,4851,79,54
12.63,4781,89,69
7.3,3146,35.5,25.8
11.5,3107,43.6,29
14.6,2955,38.8,40.2
13.85,3230,65.9,50.2
14.7,3250,69.5,61.5
9.13,3355,68,45
8.5,3348,85,73
8.5,2636,47.2,46.7
9.5,2674,51.5,50.2
9.8,2685,74.8,45.6
10.52,2761,79.7,55.6
8.74,2806,80.4,58.4
8.72,2809,83,66
8.18,2795,86,72
12.2,7881,47.9,29.3
14.9,8201,57.3,39
15.3,8432,74.5,53.7
14.58,9172,78.5,59.5
14.44,9237,71.2,65.7
12.65,9727,75,60
13.62,9991,88,72
43.8,5349,28.4,24.1
51.5,4709,39.9,33.3
50.5,4617,48.2,47.6
42.53,3132,70.1,47.4
41.3,3162,60.8,51.7
41.12,3198,51,47
41.14,3378,65,57
30.3,1073,19.8,17.1
25.2,1072,43.5,22.2
30.7,1016,33.3,16.1
29.34,1029,40.2,17.6
29.11,1089,36.2,68.9
32.33,1109,33,46
31.29,1127,49,44
9.3,1761,24.5,35.6
9.5,1789,28.9,27.7
9.7,1810,35.1,43.9
11.83,1753,65.7,44.7
10.77,1754,44.3,52.4
9.56,1768,58,48
10.08,1774,78,71
8.7,4192,37.5,27.3
10.2,4242,51.1,39.1
10.9,4381,60,50.3
9.28,4499,70.2,55.6
8.77,4745,79.2,73.1
10.29,4903,74,64
11.4,5013,85,71
16,2096,42.3,38.1
15.3,2170,36.2,58.3
16.3,2189,46.6,63.3
16.65,2248,73.7,65.2
16.18,2306,70.1,59.3
16.16,2278,78,67
15.12,2301,80,76
5.5,22744,44,41
6.2,23035,44.9,43.4
6.3,23310,56.2,51.7
7.17,24649,70.2,57.9
6.75,25028,77.8,72.2
7.12,25635,76,70
6.76,26081,87,77
43.4,7589,37,15.4
45.1,6931,40.2,18.7
44.2,6360,43,20.1
47.09,4392,46.6,26.2
52.79,4384,60.5,43
53.76,4538,69,35
56.3,4476,85,54
7.3,13719,40.2,38.5
9.2,13684,41.7,41.1
9.6,13531,57.4,49.4
10.64,13973,64.3,59.5
11.85,14063,83.2,60.4
13.51,14132,76,64
14.01,14373,89,74
6.4,2315,58.3,33.9
8.2,2331,55.3,40.5
8,2430,66.8,39.3
10.86,2784,69.3,64.2
11.05,2849,73.3,55.7
13.23,2895,80,52
13.5,2953,89,67
35.3,562,69.2,50
35.1,519,70.4,77.8
40.7,514,63.2,72
42.71,386,84.2,94.4
36.39,382,57.9,80
31.21,369,69,60
37.96,330,81,82
61,786,27.5,29.1
55.9,820,41.7,15.9
58.9,843,54.3,32
60.48,842,75.4,34.8
59.05,871,72.1,59.7
54.39,887,84,42
53.46,925,91,52
28.7,460,35.1,51.4
31.1,450,55.6,53.1
34.6,483,48.7,56.5
33.39,506,63,59.2
35.06,524,64.3,70.7
34.68,527,50,47
32.37,519,97,73
22.6,1947,43.2,36.1
24.3,2031,39.4,30.1
29.2,2032,56.4,45.6
27.4,2054,65,48.9
34.01,2025,77.9,52.7
34.06,1934,67,54
33.74,1858,72,57
20.6,1701,41.2,47
20.7,1696,59.3,53.4
20.4,1692,53.8,56.3
22.08,1595,75.6,71
20.37,1513,81.8,68.2
9.4,1501,62,84
20.82,1411,86,88
30.3,3025,38.8,42.2
30.8,3005,39.6,39
32.7,2885,44.1,57.5
33.63,2324,60.5,45.6
37.19,1486,58.5,55.4
34.32,1371,53,58
38.74,1353,89,72
22.2,1690,34.7,38.7
20.3,1703,53.2,50.4
24.5,1755,57.8,44.1
24.79,1707,78,58.8
26.7,1665,64.7,63.5
23.91,1625,65,64
25.97,1618,84,66
61.5,129,33.3,10
52,116,28.6,21.4
46.7,113,42.9,50
55.32,83,45.5,27.3
50.53,86,42.9,28.6
43.75,89,38,25
57.65,79,75,55
35.7,213,33.3,50
35.4,226,52.9,23.5
45.3,220,10.5,33.3
33.94,223,50,37.5
36.49,228,100,50
30.6,233,44,21
38.46,234,93,65
54.7,64,100,
74,64,62.5,50
66.7,63,80,50
68.09,40,50,66.7
57.69,48,80,85.7
66,47,75,60
60.78,46,100,43
18.3,5018,56.2,55.3
19,5014,56.5,55.8
17.8,4838,53,68.5
20.09,4822,65.8,73.7
19.5,4740,75.2,73.9
20.23,4643,71,67
19.76,4498,89,79
26,1411,60.8,37.9
27.9,1440,59.6,45.3
31.5,1474,78.1,53.3
34.52,1386,81.4,71.8
25.63,1363,85.9,67.9
33,1300,92,82
31.74,1265,94,80
39.4,1833,30.9,40
38.7,1904,39.4,44.7
47,1879,49,46
45.47,1584,59.2,55
43.96,1657,54.7,49.5
40.33,1672,65,56
39.32,1709,74,71
44,636,27.1,36.5
49.7,626,52.6,43.6
49,623,46.3,39.5
43.31,627,55.8,48
51.23,652,52.9,51.9
47.41,673,60,37
51.98,667,77,65
44,212,5.9,46.7
42.7,212,25,36.8
48.5,207,53.3,42.9
52.48,200,36.4,17.6
47.06,173,54.5,61.5
52.51,179,10,50
49.42,171,50,50
27.9,2606,38.7,41.5
27.9,2692,43.5,48.2
29.9,2692,51.9,45.5
29.6,2747,68,56.9
28.2,2759,69.8,57
30.83,2771,62,50
31.01,2759,79,80
35,1894,44.4,35.4
35.9,1952,51.3,39.2
25.1,340,49.7,38.4
37.76,1983,61.9,49.5
37.29,463,64.6,56.2
38.56,2058,62,48
43.81,436,74,60
23.9,2213,60.7,53.3
26.9,2246,51.9,47.4
30,2224,66.7,46.8
34.54,2288,65,59.6
31.81,2341,72.3,68.8
29.64,2374,71,64
31.33,2403,78,74
35.9,2300,38,32
37.7,2491,54.9,37
36.9,2630,50,33.8
41.92,2598,62.9,37.4
42.78,2605,71.3,53.4
45.44,2650,71,37
60.54,2672,75,61
36.8,1470,36.4,17.1
34.2,1470,53.3,31.4
33.8,1497,53.1,39.7
31.42,1578,64.2,44.6
34.42,1573,71.4,54.2
38.58,1651,64,34
37.84,1646,66,54
37.3,1111,35.9,38.5
30.1,306,43.8,38.5
36.8,1129,45.4,36.6
29.5,334,62.3,48.5
32.68,1085,66,59.1
32.07,1096,78,48
31.68,1044,83,65
49.8,312,42.9,50
48.5,303,57.9,57.1
47,298,83.3,27.3
47.16,280,75,47.1
45.26,274,61.1,40.9
48.53,274,90,65
51.08,277,83,50
18.9,2336,44.9,38.3
18.9,2395,54.3,41.1
19.6,2439,40.6,38.9
18.67,2400,67.1,53.9
25.03,2385,79.1,65.2
22.32,2417,83,49
21.16,2292,88,69
50.2,699,23.1,26.2
52.9,688,28.6,31
47.5,673,23.5,40.5
50.33,614,42.1,41.2
51.11,583,49.1,53.8
49.18,618,73,31
49.47,597,64,62
30.3,1097,32.5,39.3
32.9,1119,34.4,24.7
33,1107,34.1,39.5
36.97,1078,57.4,41.7
34.76,1098,50.7,54.1
38.09,1076,65,50
39.59,1010,84,63
14.2,8530,47.4,50.4
15.2,8777,56.3,54
14.1,8948,64.3,62.4
14.45,9166,77.8,67.5
14.53,9396,77.1,72.3
13.95,9507,79,72
14.02,9580,90,83
24.1,2170,50.9,30.4
27.7,2163,50.8,28.1
32.9,2133,55.5,47.2
33.49,1876,79.3,51.3
33.83,1910,67.2,46.4
33.19,1964,74,42
33.15,2006,84,55
25.2,1149,45.9,27.6
27.3,1142,34.9,23
29.1,1137,44.9,20.9
28.58,1102,49.5,38.6
30.32,1073,54.7,42.7
30.58,1088,51,44
34.28,1079,49,38
25.3,1777,37.8,33.9
31.1,1736,31.1,30.8
31.4,1726,59.2,46.2
34.99,1619,72.6,61.6
32.88,1610,68.8,64.9
32.68,1658,74,62
35.23,1683,76,68
36.6,1307,27,27.5
44.7,1392,26.5,26.9
41.9,1405,24.8,28.5
47.46,1368,66,36.5
39.85,1348,61.8,58.4
39.4,1379,50,51
43.06,1366,76,84
32.3,803,31.7,20.3
31.1,829,35.2,24.6
35.9,1036,57.1,27.2
42.59,1065,56.3,33.7
39.85,1067,63,48.8
37.41,1077,45,56
37.3,1042,76,55
23.8,7323,25.8,25.2
26.1,7252,44.2,35.7
27.3,7325,48,40.1
30.35,7241,47.9,45.2
26.11,7143,56.6,61.7
27.85,7176,53,49
28.03,7028,65,51
18.9,2575,32.8,20.5
19.7,2602,36.2,34.5
19.3,2668,52.4,33
19.23,2670,60,41.6
19.67,2741,61.2,36.5
19.84,2846,66,36
22.46,2852,80,55
11,4778,34.2,41.4
13.7,4941,39.6,46.6
11.2,5047,60.3,63.8
11.08,5170,62.6,63.7
9.35,5361,63.4,68.6
9.54,5535,62,66
9.05,5525,73,74
15.9,1486,34.5,25.2
16.4,1480,31,37.6
15.6,1476,42.9,36.4
15.96,1456,58.2,36.2
17.6,1505,67,65.9
20.04,1511,49,56
15.51,1530,68,71
9.8,1608,42.2,29.7
9.7,1617,45.1,40
9.7,1628,55.6,45
8.51,1654,65.3,51.7
8.59,1644,68.1,69
7.11,1654,63,60
8.91,1684,81,56
18.8,2544,40.7,29.8
20.1,2593,44.5,44.8
18.5,2640,55,45.1
19.15,2643,57.9,57.2
17.92,2761,76.6,52.8
17.85,2751,76,60
20.45,2744,91,63
14.6,2284,29.5,34.9
14.7,2064,26.8,41.5
14.1,1992,50.5,38.9
20.37,1494,54.5,54.3
23.69,1582,52.1,61.1
21,1546,63,56
22.21,1557,76,61
16.5,899,25,35.7
16.7,894,43.7,35
13.8,898,37.5,41.9
15.26,895,66.7,61.8
16.53,889,72.7,64.8
14.5,894,53,39
16.41,904,84,76
14.9,730,32.2,49.1
12.4,760,50.8,39.2
12.5,745,37.3,57.4
13.61,762,56.3,55.6
8.61,762,71.9,67.6
9.78,787,57,67
9.61,791,78,62
31,1473,18.1,25
30.5,1416,48.2,34
30.8,1389,52.4,32.3
33.72,1446,54,41.1
33.52,1444,76.6,42.7
34.13,1452,61,42
37.02,1439,66,49
33.3,1456,35,29.2
36.2,1419,36.2,27.2
34.1,1342,45.6,41.3
37.57,1236,74.4,49.5
36.97,1192,65.8,58.9
36.08,1187,50,52
36.52,1142,70,75
0,3983,37,27.2
24.1,4065,52.3,39.6
23.6,4109,53,39.4
27.36,3996,66.9,49.2
26.19,3972,66.1,54.3
29.04,4076,67,50
29.33,3912,70,59
30.1,1909,28.8,41.2
32.1,1980,39.9,34.8
31.9,2031,48.1,41.3
35.73,2030,63.1,41.9
32.81,2132,62.7,61.5
28.63,2242,65,40
27.5,2318,64,58
30,1830,35.1,24.6
29.1,1827,38,37
26.4,1793,41.9,41.6
30.07,1779,61.1,52.8
28.81,1831,63.9,45.7
25.41,1853,45,53
31.74,1856,71,54
31.2,2433,26.6,31.6
33.6,2506,41.5,32.9
31.7,2448,57.6,37.2
33.28,2372,55.8,50.9
31.92,2366,60.5,55.8
37.04,2335,50,55
27.56,2323,69,57
34.5,723,30.4,19.2
35.8,757,43.2,52
36.5,744,49,50
42.21,730,61.7,36.2
37.2,758,56,45.3
37.22,751,73,67
40.31,767,87,68
48,596,23.8,14.6
48.4,590,37.5,21.6
47.8,555,25.6,22
48.64,550,38.5,43.2
51.66,608,55,45.9
49.65,584,56,40
50.88,576,82,40
46.4,693,30.2,25.9
47.5,678,23.9,22
44.1,677,42.6,24.4
43.01,648,44,34
41.6,660,69,32.7
34.64,658,44,26
34.09,651,75,43
32.4,2841,34.1,28.5
32.9,385,39.3,33.1
36,2846,39.7,32.8
40.95,488,56.1,37.2
39.99,2517,56.3,40.2
42.27,498,51,41
42.07,2580,70,56
64.9,7893,21.7,12.1
64.4,7817,28,15.7
66.1,7700,24.7,18
63.09,7240,45.7,24.7
65.37,7057,45.1,26.7
69.28,6953,50,32
67.51,7036,64,37
73,3088,13.6,2.7
78.7,3094,11.6,5.7
83.3,3065,9.9,5.7
84.35,2667,36.1,10
87.94,2592,28,16
89.17,2754,18,46
91.27,2477,50,68
9.9,3689,38.7,45.1
12,3707,45.8,49.3
10.3,3710,64.7,48.3
12.18,3704,69.9,54.3
11.67,3790,76.5,54.9
10.88,3816,66,53
11.19,3943,84,64
33.8,1870,33.1,24.6
37.6,1833,25.5,28
38.6,1908,44,35.1
34.86,1797,55,30.3
35.12,1851,59.7,36.7
33.44,1969,46,34
34.62,2034,72,52
19.3,3832,37.9,36.6
20.4,3830,32.9,40.1
21.3,3762,49.4,36.8
21.84,3403,61.1,41.8
21.69,3424,52.1,41.9
22.55,3440,52,41
24.39,3405,69,48
22.7,1600,29.3,26.9
26.4,1610,46.5,42.9
32.2,1607,45.9,49.3
27.06,1607,61.2,39.4
28.42,1625,81.9,43.8
29.14,1611,62,44
28.69,1555,86,68
38.6,2888,27.3,19.8
40.7,2968,34.5,22.6
42.5,2859,42.4,16.2
42.28,2439,73.4,41.8
37.6,2541,54.6,40.9
40.29,2615,47,33
40.87,2711,64,62
26.1,1181,30.4,25.7
29.6,1204,46.5,37.8
30.1,1187,21.3,23.6
27.86,1202,56.8,27.8
26.32,1264,57.5,42
25.85,1275,51,36
23.61,1303,70,51
21.6,4285,34.7,36.3
22.3,4306,45.8,44.2
24.4,4348,50.5,43.5
24.25,4332,59.7,48.5
24.88,4361,58.8,44.8
29.44,4490,55,55
28.34,4548,75,70
6.3,646,75,64
6.8,650,66,63
9.4,697,53.8,52.5
10.1,759,79.7,55.1
6.77,780,72.3,67.3
7.02,821,77,55
8.25,849,80,92
28.9,1946,50.4,28.5
27.7,2030,57.2,28.1
27.2,2089,45.3,45.3
26.07,2004,50.9,46.9
27.72,2037,72.1,57.1
25.98,2089,64,46
26.19,2097,91,52
21,2758,33.1,43.4
19.7,2754,25.6,44.7
19.8,2785,47.2,49.4
25.7,2545,46.3,63.1
27.02,2621,53.6,51.3
25.53,2662,51,73
25.29,2643,75,74
30.2,2030,40.4,23.6
38.3,2011,37.1,39.5
38.5,2108,55,39.7
36.7,2173,60.6,44.1
42.64,2229,51.3,55.3
40.3,2180,55,54
39.6,2463,78,53
27.6,1459,33.3,15.1
28.7,1543,38.6,18.3
35.1,1577,32.1,23.8
37.93,1132,58.6,48.1
35.15,1180,55.7,45
39.63,1228,33,38
40.98,1239,87,63
37.2,2703,36.7,38.5
37.3,2839,38.7,36.1
40.6,2870,48.4,30.6
39.97,1838,72.9,52.9
33.63,1934,68.8,57.3
36.01,2229,61,43
33.02,1993,73,55
46.7,1320,27,31.5
45.2,1468,26.5,18.6
49.9,1544,57.6,30.6
60.59,1558,57.6,31.3
63.99,1606,55.8,27.1
55.73,1598,57,40
55.69,1595,74,45
0,77,50,
0,73,60,
44.7,76,25,0
46.67,35,75,0
36.36,31,100,0
0,40,29,
0,38,33,
12.9,6473,47,39.8
14.8,474,52.6,43.4
15,6476,61.4,51.8
15.53,541,73.7,62.6
16.3,5635,76.2,69.5
16.52,5604,72,65
15.66,561,82,72
2,7327,64.8,62.4
1.9,7311,65.8,69
2.5,7276,80.6,78.8
2.04,7400,86.5,82.6
2.69,7497,82.6,83.2
2.39,7514,83,88
2.43,7559,95,89
32.2,9539,38,32.1
38.1,9105,33.4,35
39.9,7997,59.3,33.1
39.95,4607,62.9,56.5
37.97,4498,76.5,64.3
34.54,4850,60,50
34.32,4738,76,50
43.7,13647,21.9,10.8
47.9,13454,27.7,13.6
51.4,12969,27.6,11.6
61.98,12813,38.2,17
63.18,12649,43.8,29.7
66.91,12778,38,20
65.52,12771,49,26
11.9,7724,53.1,42.3
12.5,7653,58.7,45.1
12.2,7553,68.6,56.5
13.99,7586,80.2,65.3
11.36,7450,87.7,67
10.96,7322,80,65
9.68,7094,91,70
9.6,5242,46,51.7
10.8,5405,49.3,46.7
10.9,5200,68.4,65.2
10.81,4385,80.5,74.1
11.71,4296,79.1,67.6
11.28,4331,82,72
10.27,4322,84,82
16.1,8547,49.9,30.6
18,8780,52.6,31.8
20.2,8794,54.9,36.3
20.8,8882,65.2,43.1
26.75,9243,64.1,50.1
32.41,9432,63,39
31.67,9558,71,67
11,2893,49.5,31.3
10.7,3003,58.4,33.5
10.6,3101,62.7,46.4
11.34,3326,71.1,57.1
11.68,3506,74.6,67.4
10.41,3674,77,66
10.03,3718,93,80
1.6,5593,61.8,76.1
1.6,5549,68.4,70.4
1.6,5562,75.3,73.1
1.64,5761,87.8,84.6
1.83,5804,94.1,88.4
1.76,5867,84,81
1.6,5781,94,92
15.1,1700,36.5,30.7
17.3,1765,39.5,25
18.8,1714,70.4,36.5
21.98,1747,79.5,41.5
21.39,1765,76.1,55.8
22.74,1821,60,47
22.24,1874,74,56
1.8,4111,63,52.4
2.2,4249,63.8,52.6
2.6,4442,78.4,72.2
2.37,4664,83.4,65.2
2.21,4914,87.5,78
2.27,5102,89,78
2.36,5347,90,79
9.7,2692,37.7,39
11,2789,40.7,46.3
11.7,2896,54.6,51.9
12.2,3055,76.6,61.4
10.09,3099,73,71.2
10.68,3402,69,67
8.36,3514,85,72
36.5,8571,35.7,22.1
37.9,8187,43.6,28.8
38.1,7430,49,31.4
44.41,5317,73.2,38.9
48.63,5237,72.3,45
44.7,5283,66,48
45.29,5174,80,60
28.4,4056,30.8,17.8
28.8,3757,50.9,23.2
32.7,3327,47,29.4
31.65,2282,55.3,27.9
31.45,2312,60.4,48.6
36.61,2278,61,44
37.7,2240,70,53
1.9,11205,63.9,60
2.3,11355,63.2,59.3
2.5,11488,80.1,73.2
3.01,11735,87.4,78.3
3.24,11994,91.7,84.4
3.22,12072,90,79
3.02,12047,97,87
3.3,4936,67.6,62.2
4.2,5095,63,63.4
4.2,5255,80.5,66.1
4.37,5377,86.1,79.2
3.92,5590,88.7,80.5
5.29,5728,89,79
5.83,6004,91,77
5.9,4150,52.3,32.6
5.5,4156,61.5,37.5
7.8,4124,62.3,35.7
8.96,3081,79.5,59
8.17,3173,81.5,68.6
7.96,3202,72,55
7.46,3280,96,68
5.5,5574,54.8,48.4
5.5,5785,50.4,49.3
6.4,5859,56.1,60.5
6.62,6119,75.8,64.7
6.25,6536,83.1,73.2
5.86,6726,79,72
5.03,6839,92,79
4.8,10550,56.4,49.8
5.6,10695,63.8,56.6
5.4,10961,71.2,66.1
5.4,11531,75.9,63.5
5.6,11660,82.8,77.4
5.26,11823,78,67
5.47,11785,85,76
14.4,4133,48.3,28.6
16.3,4192,53.3,42.3
16.6,4163,53.1,40.4
16.36,4152,68.8,52.8
17.55,4136,68.3,56.3
18.12,4207,60,60
16.32,4313,76,64
8.4,10553,43.3,53.3
10.4,10571,47.2,53.5
10,10622,63,62.5
9.77,9978,76.6,72.4
9.84,10276,72.6,72.9
9.72,10628,66,68
10.89,10790,76,75
7.1,4712,53.1,39.9
8.3,4725,57.5,51
8.5,4838,71.3,59.9
8.36,5105,82.2,63.4
7.07,5343,78.6,70.8
6.72,5732,75,70
6.69,6089,91,74
9.5,4416,33.1,26.2
10.8,4528,55.1,38
10.5,4520,58.1,54.6
10.53,4674,68.4,49.4
11.55,5001,80.6,79.2
10.93,5221,71,69
10.41,5463,80,73
31.6,3129,15.4,13.7
35.4,3334,17.5,15.2
36.4,3381,26.1,15.2
35.26,3379,41.9,69.9
38.53,3394,54.9,67.4
43.03,3447,62,78
40.31,3615,64,59
3.3,11720,56.3,55.9
3.6,11983,60.8,62.8
4,11987,68.1,64.1
4.46,12217,82.1,77.8
3.68,12533,83.5,78.1
3.52,12733,83,74
3.39,12883,91,83
8.4,1903,29.6,33.1
10.5,1837,50,44.2
12,1794,46.6,64.5
10.94,1765,58.3,65.6
10.77,1774,59.4,67.4
11.37,1754,63,58
8.66,1728,58,61
11.9,2144,65.3,32.1
15.4,2216,84.8,27
15.2,2285,72.7,58.8
17.19,2381,98,65.1
17.44,2436,90.4,71.4
18.81,2489,88,57
20.71,2509,91,70
8,10025,50.1,44
9.1,10591,49.8,41.3
8.2,10996,64.9,54.3
8.8,11729,74.2,64.3
8.65,12229,75.8,74.4
8.07,12825,68,69
7.37,13136,79,72
16.3,10464,36.8,35.3
19.2,10662,43.2,52.4
19.9,10800,48.7,50.8
19.78,11038,69.2,62.6
20.98,11173,70.3,66.8
20.21,11448,66,64
18.6,11746,83,71
46.5,955,30.1,35.6
42.9,256,33.7,30.5
35.6,242,45.6,40.6
46.89,262,60.1,46.4
45.78,266,50.4,60.4
48.9,1265,58,56
47.35,251,70,72
42.7,1406,27.6,32.2
48.3,1448,33,30.7
48.8,1496,50.9,48.9
47.17,1553,56.7,46.2
45.59,1530,56.8,65.4
46.52,1552,54,53
47.48,1547,63,70
35.3,386,25,18.2
31.3,382,36.4,27.3
39.3,383,23.1,54.1
34.43,394,40,36
37.22,400,57.1,58.3
32.82,389,53,24
33.79,372,77,70
35.7,1610,37.5,40.9
35.5,1647,59.2,44.1
36.3,1606,50.5,40.2
41.33,1569,81.4,49.1
40.14,1835,56,65.6
44.58,1834,65,56
40.5,1823,80,75
55.8,540,27.8,31.6
65,523,20.7,11.8
54.6,452,65,35
66.41,380,26.3,42.1
69.68,411,15.2,22.6
76.4,409,52,80
77.89,410,67,67
39.1,2970,25.2,23.1
38.9,3094,39.6,33.5
39.8,2996,53.8,45.7
43.25,2854,52.9,47.2
39.15,2909,62.8,59.1
39.73,2952,52,55
40.92,2913,76,68
38.1,600,25,41.3
35,594,47.2,33.3
41.7,578,37.8,41.5
38.79,527,69.8,57.9
48.56,536,85.2,56.8
52.05,495,74,58
52.56,472,82,83
24.3,898,42.1,23.3
29,894,32.1,56.3
29.9,839,43.3,37.3
30.06,771,55.8,20.5
33.92,766,59.2,63.6
34.45,754,50,44
35.87,734,68,48
20.7,191,38.9,12.5
22,197,62.5,12.5
23.2,191,53.8,50
28.49,202,69.2,47.6
38.51,192,50,75
37.82,176,57,42
50,164,50,69
38.1,1452,38.6,41.2
40.6,1492,58,40.3
39.9,1442,42.3,34.8
41.36,1317,59.3,50
40.03,1391,63,62.3
37.5,1367,41,50
44.33,1333,76,39
53.5,785,26.9,23.3
49.9,852,38.1,22
54.1,834,50,33.8
42.09,829,51.8,52.8
46.55,842,49.1,60.7
56.79,881,54,61
52.84,842,65,54
45.2,1393,20.6,21.2
43.8,1462,36.6,17.1
46.5,1425,34.6,34.7
48.89,1398,41.8,38.7
48,1407,46.4,54.3
48.96,1380,43,47
46.66,1385,59,56
40.1,2037,48.1,33.5
40,2060,38.2,39.7
39.3,2136,36.5,36.9
38.46,2135,57.6,55
38.4,2203,47,46.9
39.34,2249,49,55
41.61,2290,75,59
53.2,866,41.4,27.6
51.7,865,59.6,27.3
53,888,52.7,20.3
56.64,919,52.2,28.2
57.89,910,61.8,45.2
56.16,926,66,43
55.07,945,76,50
0,450,34.4,48
0,464,57.4,70.4
0,486,75,57.1
41.55,500,64.1,57.5
36.33,484,54.5,54.4
36.8,489,51,52
41.42,472,51,53
19.8,2982,28.7,33.2
19.9,3044,28.6,48.5
20.8,3172,45.8,53.5
21.74,3284,58.8,53.5
24.1,3395,61.6,58.3
25.95,3450,44,51
28.19,3469,65,75
30.7,734,32.8,20
33.2,753,37.5,35.3
35.4,812,29.2,36.4
38.08,818,59.1,67.8
34.33,825,45.3,44.6
36.17,840,66,43
38.83,830,55,57
40.2,340,19.4,25.9
44.4,336,31.8,20.8
45.7,325,45.5,20
39.64,332,50,43.5
37.72,331,37.9,48.1
46.52,312,38,50
47.67,332,26,63
13.9,5666,36.4,37.3
14.8,5759,44.9,43.5
15.7,5883,46.9,54.9
15.06,5936,59.6,57.8
15.69,5990,60.5,69.9
16.05,5919,63,61
15.88,6063,81,75
27.8,5405,38.8,32.8
29.8,5497,44.7,35.4
31.3,5588,42.4,38.8
32.77,5733,55.5,49.5
32.95,5800,48.2,52.3
39.51,5734,64,53
44.87,5676,70,66
18.5,1492,42.7,39.1
16.9,1607,51.9,49.4
15.2,1594,58.5,44.1
15.83,1358,74.1,71.1
15.76,1408,64.8,75
16.05,1520,76,70
19.97,1545,86,83
13.1,5116,34.6,36.1
18.3,5344,48.6,40.9
13.2,5610,62.1,44.5
15.14,5920,67.9,55
12.06,6248,81.1,69.1
17.63,6554,82,70
15.97,6825,88,74
21.7,2648,45.6,43.3
20.1,2630,42.5,33.3
21.5,2679,74.1,59.4
22.24,2304,83.2,62.8
20.3,2362,93.5,66.5
16.66,2308,87,77
17.73,2362,92,78
5.5,4930,55.1,50.9
5.6,4911,59.9,61.5
6.1,5349,68.1,49.7
6.58,4712,79.4,64.1
5.73,4731,88.8,76.9
5.43,4818,85,77
6.76,4827,91,92
10,1756,47.4,45.1
11.2,1767,56.5,49.2
11.1,1847,68.8,57.9
14.72,1893,63.2,60
15.58,1938,68.9,52.8
12.47,1978,72,55
15.6,2045,88,73
9,3263,32.1,39.7
10.1,3408,43.8,41.5
8.8,3575,44.1,49.3
10.4,3722,59.1,50.6
0,3826,62.6,60.7
10.06,4039,58,51
10.14,4236,79,70
35.5,1029,25,36
40.2,1036,34.6,26
40.7,1025,37.8,33.8
48.27,977,46.3,26.4
46.38,1009,33.3,32
45.15,1002,32,42
41.86,957,42,51
41,380,40,5.9
45.7,394,42.9,32.1
40.6,369,61.9,58.3
43.47,375,70,66.7
41.19,367,26.1,55.2
43.05,376,50,80
38.7,387,41,79
15.6,892,52.5,55.1
22,959,62.7,41.5
23.4,962,58.6,51.3
25.94,905,74.5,66.7
21.99,911,73.7,68.1
20.45,891,64,54
24.27,859,87,55
35,1713,28.2,33.3
35.8,1732,42.9,39.9
36.3,1747,50.5,38.2
45.09,1759,49.6,41.6
43.59,510,53.6,56.1
43.78,1833,50,52
44.6,491,66,58
37.2,1808,17.4,23.1
40.6,1828,29.7,28
41.2,1869,43.9,20.5
41.5,1918,50,28.1
44.31,1983,53.8,33.3
40.74,2030,51,44
40.85,1989,61,58
41.3,1990,23,18
44.1,2005,39,15
45.3,2074,39.5,28.8
47.99,2134,47.6,34.6
45.82,2241,51.3,58.2
47.56,2265,38,53
49.29,2341,62,60
47.3,15863,25.2,18.3
51.6,14733,25.7,15.8
53.3,14414,32.1,17.1
57.41,13550,48.8,24
59.99,13452,46.3,27.4
60.63,13226,50,29
63.37,12850,71,39
28.4,1551,18.4,20
30.4,1480,26.1,35.9
34.5,1446,32.1,25.3
32.25,1184,41.3,27.2
26.17,1162,39.6,34.7
32.2,1272,39,33
34.39,1388,58,33
7.7,4703,54.7,46.5
9.9,4776,64.7,50.9
11.1,4820,64.5,54
10.57,4757,72.6,52.3
10.98,4860,70.3,67.3
11.26,4722,66,61
12.34,4764,83,61
57.1,1653,11.9,2.8
56.8,1658,16.2,4.5
73.8,1734,20.3,8.4
63.79,1704,21.2,27.5
63.96,1663,18.9,5.6
64.74,1677,15,13
68.52,1648,43,25
24.3,2545,36.4,33.1
26.6,2528,36.3,38
29.5,2443,57.3,52.4
28.26,2287,64.2,68.7
31.45,2256,73.5,70.4
30.35,2262,59,69
30.23,2230,91,76
12.1,1853,45.8,39.7
13.1,1860,54.2,40
15.6,1896,60.7,54.8
18.59,1889,62.7,52.9
18.54,1946,70.3,58.1
21.68,1985,55,49
22.39,2030,66,54
23.6,3089,32.6,19
31.2,3088,51.9,29.4
34.4,2798,49.7,30.7
43.92,2493,59.5,36
41.96,2506,58.1,40.1
44.25,2501,50,31
44.41,2629,77,38
5.5,1097,77.4,76.6
5.1,1116,64,76.4
5.1,1103,74.6,71.4
5.93,1150,89.2,82.2
5.84,1170,69.1,62.9
5.83,1198,82,73
4.03,1208,91,82
8.9,1273,46.8,38.1
8.5,1278,49.4,37.1
11,1264,54.4,53.5
8.54,1300,69.3,56.2
8.97,1362,62.1,61.9
9.54,1417,60,64
10.08,1479,88,74
15.9,1502,38.4,27.8
17.3,1491,48.4,41.5
16.6,1511,47.4,40.5
15.79,1491,70.4,63.4
14.6,1514,66.7,74.5
20,1543,60,57
16.13,1522,95,75
22.5,1090,21.4,23
27.1,1033,44.6,26.4
23.5,1018,47,44.6
25.02,1028,64.4,52.2
26.59,1061,55.7,53.2
26.7,1030,71,33
24.23,1009,65,61
20.7,1284,53.4,33.3
20.2,1286,52.2,45.9
26.4,1279,54.4,52.7
22.66,1251,74,66.7
25.08,1266,58.4,67.4
23.51,1323,59,70
21.4,1302,81,88
12.4,1672,45.4,33.6
14.3,1663,47.9,42.1
13.1,1666,67.4,48.4
15.12,1632,74.4,58.5
13.24,1638,78,58.8
15.32,1647,76,58
13.29,1666,87,75
17.7,4029,37.3,30.2
22,473,42.7,37
18.5,3958,52.5,50.9
26.72,486,61.9,50.9
25.02,3880,57.6,60.9
22.94,496,53,54
23.09,498,71,66
29.5,13699,34.8,24.5
29.8,13932,44.8,32.9
31.2,13418,46.9,45.9
37.6,12331,61.7,50.9
36.62,12308,57.5,57.1
34.55,12274,53,48
34.27,12255,67,58
16,3082,35.3,16.3
16,2553,36.2,30.2
16.3,2550,60.4,54.3
20.49,2577,68.1,45.6
19.96,2544,74.7,61.6
18.24,2592,69,50
19.2,2609,72,77
18,1568,34.2,26.5
19.2,1564,42.6,42.2
20.5,1586,44.9,37.8
20.8,1608,62.7,42.6
19.12,1699,48.8,49.2
16.98,1716,35,47
15.34,1738,80,55
12.6,4754,34.3,38.6
13.7,4913,54.2,31.8
12.4,4974,49.9,47.1
13.8,5084,59,44.1
11.92,5195,59,66.5
10.1,5253,58,56
9.42,5403,77,72
7.7,2266,39.7,32.4
6.2,2317,45.1,63.8
8.3,2350,48.5,59.3
8.53,2392,68.3,54.4
8.48,2485,53.1,70.4
8.82,2569,46,73
8.81,2599,76,74
17.3,929,40,31.7
15.9,899,34.9,18.2
17.1,927,54.8,58.2
15.99,950,53.6,50
9.41,977,40.8,47.6
11.31,1006,41,42
11.78,1003,70,67
23,1906,42.7,41.2
23.1,1943,41,39.6
23.7,1900,61.9,53.6
30.48,1894,56.9,83.9
22.27,1952,52.3,75.9
21.5,1978,57,80
25.42,1995,66,83
23.2,3057,39.6,33.2
25.8,3098,34,29.9
23.9,3084,60.2,39.6
27.78,3046,67.2,37.7
27.98,3022,56.8,54.4
30.32,3127,67,50
32.49,3112,72,61
23.3,304,7.1,30.8
23.9,297,13.6,
25.2,331,45.5,25
26.53,322,34.8,17.4
21.65,321,33.3,30.4
18.86,325,58,35
32.73,349,73,35
30.1,1139,13.3,24.4
29.2,1100,28.6,32.2
31.3,965,58.9,46.6
30.74,868,63.5,42.6
26.45,846,60.7,44.8
25.32,885,69,45
29.78,875,82,67
27.7,1038,25,23.2
32.5,1067,27.7,28.2
31.1,1029,39.2,24.7
39.11,1001,54.4,26.7
32.2,1031,40,33.8
31.08,989,35,29
41.06,961,59,51
19.1,1590,43.9,30.3
17.3,1623,54.7,56.1
18.1,1603,51.5,41.6
15.84,1643,59.5,42.7
16.59,1672,57.7,48.4
18.07,1722,55,56
19.43,1729,72,56
21.9,731,27.3,50
20.2,740,40,30.4
20.6,756,31.5,48.8
20.19,732,56.6,32.1
19.35,731,55.3,40.4
19.31,761,58,32
25.38,775,70,44
16.4,1286,35.1,25.7
19,1260,29.5,30.8
19.7,1237,38.8,39.2
20.87,1161,44.7,39.7
25.87,1177,32.1,33
28.53,1152,40,32
30.42,1149,56,44
27,3227,23.7,27.5
29.3,3271,48.4,37.3
31,3247,53.1,42.6
29.75,2970,55.1,32.1
30.47,2863,56.4,54.9
32.25,2971,54,51
33.67,2977,70,53
23.9,235,46.7,27.8
11.2,224,21.1,28.6
27.7,222,52.2,38.9
24.14,183,55,43.8
0,180,64.3,75
0,171,56,78
0,168,75,84
33.2,1162,50,49.3
29.4,1215,57,51.6
26.8,1194,46.3,43.4
27.02,1085,69.3,53.5
23.3,1118,81.2,74
24.85,1134,79,57
23.19,1124,85,74
34.6,735,25.5,42.2
35.6,747,22.4,58.3
34,744,37.7,62.2
36.47,760,52.4,68.6
37.5,729,48.1,64.8
38.96,741,55,44
39.15,710,47,73
28.4,2325,22.5,31.5
27.5,2375,44.1,38.7
28.6,2397,45.4,58.9
29.46,2358,59.8,69.7
27.91,2409,48.9,73.5
26.64,2474,45,75
27.86,2535,76,80
21.4,1035,34.6,26.2
23.2,1055,32.1,45.5
22.4,1054,39,50.7
22.98,976,55.4,43.2
25.18,972,50.6,43.4
26.49,987,33,51
36.4,953,72,58
29.6,1453,31.4,29
30.1,1477,49,33
31.9,1524,51.9,45
31.23,1486,60.4,42.5
35.23,1469,62.1,46.9
30.94,1454,70,34
33.82,1448,84,54
24.7,541,21.3,38.1
31,538,35.9,41.2
32.9,553,27.9,26.3
33.21,574,63.9,44.4
31.39,585,68.1,73.8
29.14,583,59,64
29.81,577,39,64
26.5,1519,47.1,43.4
26.6,1539,48.6,53.5
30.4,1527,39.3,62
26.18,1489,64.6,62.7
30.97,1505,68.9,71.6
33.78,1476,65,51
32.9,1474,71,56
41.4,1377,41.7,30.6
45.1,1330,41.6,38
45.8,1394,45.3,43.8
43.07,1297,62.2,50.5
44.4,1286,73.2,56.4
44.63,1306,69,67
44.49,1270,95,66
12.8,1154,29.1,13.3
16.5,1168,46.1,40
16.4,1160,34.6,37.7
15.88,1178,51.4,50.7
12.64,1179,48.2,35.5
15.26,1177,41,36
15.42,1170,76,64
21.6,2406,34,26.2
24.5,2347,41.6,43.5
22.1,2308,58.9,36.6
22.01,2219,63.6,37.7
20.76,2174,58.4,49.7
19.75,2176,56,45
23.11,2127,71,56
10.3,1120,33.3,49.5
11.7,1135,47.1,37.5
9,1148,48.9,34.2
10.71,1189,68.6,43.5
9.25,1195,88.9,56.3
10.15,1221,86,57
11.17,1237,93,70
16.2,649,21.7,22.6
16.8,666,33.3,32.7
19.2,714,46.6,44.7
16.83,690,45.5,47.3
16.98,698,60.4,46
15.99,694,61,37
16.3,665,83,50
6.6,934,56.9,41.9
8.7,913,50,35.9
8.8,892,48.2,48.2
11.76,862,55.1,76.5
11.35,852,58,68.4
11.51,882,70,52
11.54,858,88,78
16.9,2142,27.4,36.1
19.6,2040,45.7,29.2
21.5,1940,43.4,41.6
19.77,1914,45.8,52.5
19.21,1924,50.6,45.9
20.64,1920,69,44
17.72,1908,65,49
19.9,2164,48.7,36.8
20.5,2102,49.6,36.6
19.6,2064,53.4,58.7
19.83,2051,69.2,60
19.07,2067,69.4,54.9
22.21,2110,63,64
22.78,2159,88,77
26.4,4540,34.6,35.7
27.2,4630,33.4,38.6
28.9,4633,39.9,44.4
27.2,4527,53.5,50.6
26.55,4591,44.3,44.6
26.26,4489,50,48
24.93,4427,68,58
30.4,622,54.9,23.1
14.9,622,39.2,27
32.5,613,60.5,25
32.25,589,59.6,32.7
34.54,569,72.7,48.1
34.96,552,49,50
38.52,500,66,53
28.2,2448,39.4,35.6
30.6,2505,44.8,38.6
27.1,2493,45.4,48.6
30.94,2310,52,52.2
28.35,2311,52.2,57.6
31.82,2377,47,66
30.72,2400,66,61
28.7,1645,38.7,42.9
29,1646,49.6,32.6
30.4,1672,51.6,46
28.66,1630,50.9,55.6
24.11,1620,73.8,58.7
24.3,1622,66,53
27.3,1662,80,68
46,789,37.2,22.4
48.4,759,20.6,46.3
46.3,774,39.3,35.5
47.12,768,47.9,49.2
47.74,748,58.2,21.4
48.34,786,38,41
43.13,772,84,52
28.8,1351,41.9,24.8
30.6,1371,41.4,28.4
29.9,1342,28.7,32.3
32.29,1315,52.6,43.7
26.55,1304,43.8,42.6
27.95,1280,59,32
37.29,1277,72,47
15.4,1862,27.8,29.8
16.3,1766,41.6,43.5
20.7,1733,37.8,52.1
22.1,1728,40.6,47.2
20.76,1776,42.1,64.6
23.28,1764,48,57
22.85,1782,71,72
24.6,1167,38.8,39.7
24.6,1161,39,47.6
25.9,1136,46.4,60
29.94,1118,61.1,60.2
28.17,1104,61.1,48.8
29.75,1123,61,84
30.61,1114,78,82
26.5,914,25,32.8
25.2,930,54.4,49.2
25.8,954,68.9,41.9
27.7,922,49.2,58.2
30.18,937,49.1,71.4
30.28,921,64,63
28.73,918,64,74
24.5,1844,17.4,22.2
27.7,1858,33.1,39
29.7,1929,34.5,28.1
31.51,1884,56.5,34.5
31.18,1885,35.8,40.3
31.1,1979,56,42
31.78,2009,65,63
37.5,1448,37.6,32.8
36.2,1450,45.6,35.6
37.2,1464,44.2,43.4
38.45,1418,60.9,48.9
36.36,1443,56.4,49.9
37.73,1464,54,50
38.95,442,70,65
34.9,2971,33.8,34.3
39.3,2901,47.8,43.5
41.2,2935,46.2,47
42.47,2724,66.5,49.8
40.94,2746,49.5,45.9
41.34,2786,59,47
44.73,2809,73,73
52.6,1733,19.8,31.5
52.3,1668,23.5,27.6
54.5,1715,26.5,41.7
57.77,1637,38.6,41.3
55.96,1646,30.6,44.2
57.88,1690,26,35
61.4,1658,38,61
41.7,1283,33.6,28.8
43.3,1267,26.9,41.6
42.2,1260,35.7,41.3
49.64,1223,42.7,40.6
44.26,1191,43.4,28.2
46.05,1213,41,28
50.93,1166,78,43
52.7,1238,15.7,11
51,1266,21.9,19.1
52.8,1310,20,24.8
54.57,1325,51.9,31.6
53.3,1371,43.9,28.6
55.96,1365,44,25
53.35,1356,66,58
16.5,984,25.4,25
16.9,964,55.6,26.5
16.8,945,54,22.9
19.58,945,84.5,43.1
19.84,984,77.9,46.7
19.24,1003,63,36
22.5,1023,89,62
44.5,1627,37.4,27
54.2,1534,40,58.9
55.6,1570,47,35.8
55.89,1403,53.8,42.1
56.18,1427,59.3,45.2
58.31,1423,53,43
58.38,1434,73,48
36.3,788,35.7,38
39.2,799,41.3,27.3
40.7,810,64.2,36.1
40.3,813,53.8,50
38.39,832,51.6,38.7
35.31,844,50,81
37.47,860,73,71
27.4,1119,26.8,36
31.2,1144,35,32.2
30.1,1171,38.2,35.7
29.52,1175,52.6,48
27.97,1195,61,47.8
34.67,1239,41,52
33.51,1212,75,60
10.1,2601,69.2,71.4
10.7,2718,73.5,63.5
10.1,2793,74,72.8
8.3,2842,81.8,71.8
8.95,2966,83.1,73.1
9.56,2997,77,71
9.62,3073,84,82
19.7,2230,33.8,46.9
21,2303,54,43.5
20.5,2276,52.1,47
22.28,2108,52.7,55.2
21.2,2186,49.1,67.5
21.45,2220,61,67
21.32,2233,67,65
15.4,4024,44.2,41.1
16.9,4050,50.1,42.2
17.3,4075,59.2,46.2
20.61,525,65.7,56.1
21.31,523,63.6,58.4
20.91,534,61,58
21.11,3329,70,64
18,14485,52.9,59.4
19,14570,59.4,58.4
18.6,14926,65,63.7
18.29,15091,68.5,65.5
18.38,15255,69.9,67.5
16.95,15587,66,69
17.46,15801,77,75
30.8,5767,27.1,26.6
32.9,5466,35.7,25.2
33.8,5195,39.8,30.7
41.22,4911,51.3,30.5
45.83,4809,44.6,29
47.48,4938,47,30
50.71,4957,51,39
5,2490,43.6,46.3
3.4,2496,47.6,51.5
4.4,2542,63.9,53.9
4.26,2684,64.2,61.8
3.81,2711,64.5,58.8
4.01,2763,64,62
3.43,2821,62,77
4.9,2073,62.7,39.3
6.1,2168,66.5,57.5
5.6,2291,73,46.5
5.75,2401,75,65.7
5.54,2582,70,67.2
3.71,2637,62,54
5.27,2768,76,74
14.5,3277,23.6,28.3
15.2,3394,40.9,33.1
17.4,3386,45.4,34.7
16.52,3494,57.3,42.1
17.71,3810,46,53.3
18.17,3957,48,40
16.94,4052,61,50
10.1,1121,59.5,56.4
13,1133,70,49.4
12.1,1166,63.4,55.6
10.6,1172,77.2,58.4
10.91,1234,64.4,60.2
10.88,1235,54,56
12.17,1244,62,53
9.6,2366,47.6,32.6
9.6,2405,48.1,39.2
11,2465,69.7,45.6
11.82,1992,65.8,42.6
12.51,2125,71.4,62.3
13.09,2175,69,52
13.32,2228,73,45
4.3,3303,51.1,51.7
4.2,3499,48.2,46.8
5.2,3652,70.9,62
5,3951,80.6,71
5.62,4084,76.9,73.3
5.33,4335,75,75
4.4,4491,85,73
15.5,1052,42.9,51.7
20.4,1119,50.6,41.2
18.4,1147,47.1,49.2
19.16,1199,55.2,72.3
17.61,1195,46,72
18.31,1188,60,56
18.53,1218,70,57
41.7,4303,30.8,18.2
45.2,4254,34.2,20.1
46.2,3981,54.1,19.8
43.01,3306,55.8,28.1
50.17,3238,52.8,16.7
53.62,3222,45,38
52.38,3335,60,43
61.5,182049,16.4,8.6
67.9,183151,27.3,13
63.4,182916,33,15.6
62.37,170855,47.4,21.8
64.4,173749,48.5,31.5
71.43,175798,49,29
69.99,174730,65,34
8.5,2813,38,33.2
8,2822,30.6,44.3
8.6,2908,51.5,41.5
6.94,3052,55.2,54.2
7.37,3120,65.5,56.1
7.11,3179,74,67
6.41,3238,81,68
29.1,13238,33.4,29.4
32.3,13608,44.2,34.2
32,13664,48.6,39
34.51,14229,60.9,44.8
35.94,14957,74.3,60.6
39.05,15592,71,60
34.64,15878,84,63
16.9,3554,35,20.1
18,3480,40.7,25.7
20.7,3501,40,27.4
22.87,2120,67.6,36.8
26.03,2214,65.9,54.8
25.6,2358,47,29
26.15,2423,68,48
23.2,2142,24.6,17.5
28,2137,31.9,26.1
30.3,2105,41.5,23.5
32.85,2220,39.9,42.5
32.6,2209,43.7,48.7
29.98,2232,41,30
30.1,2235,61,44
9.4,6956,30.5,20.5
13.1,6421,31.7,23.7
12.6,6368,48,25.4
11.56,5284,62.4,40.9
13.44,5243,55.4,37.1
10.56,5367,46,30
10.26,5412,62,44
2.6,7448,71.8,62
2.7,7685,72.6,67.5
3.3,7793,74.2,78.7
2.86,8066,84.7,83.4
2.25,8158,87.2,85.3
2.55,8395,86,79
3.13,8468,91,87
66.4,4151,21.3,27
73.8,4024,16.8,16.2
78.7,3426,23.3,36.1
76.83,2894,37.7,42.4
75.86,2946,44.5,31.9
75.97,3236,38,31
73.6,3367,47,25
59.5,6001,11.5,3.7
79.6,5695,7.6,5.7
59.8,5112,8.3,2.6
69.52,3407,17.9,5.1
53.41,3359,24.4,8.9
80.4,3734,39,4
87.79,3629,28,8
53.5,2945,15.5,38.8
61.1,2631,16.6,9.3
54,2378,35.2,30.9
60.08,2112,58.2,48.9
58.18,2171,60.8,76.9
60.22,1982,25,16
70.45,1799,41,13
23.7,6178,26,19.9
24,6081,24.7,14.7
26,5899,45.6,31.8
27.92,5645,43.3,36.4
33.57,5603,58.3,46
33.61,5651,46,37
33.7,5675,59,52
3.7,16623,43.4,39.9
4.5,16793,41.5,48.4
4.9,16904,49,45.8
4.86,17603,67.2,56.7
6.61,17825,74.5,65
4.46,18098,69,63
4.57,18346,77,70
5,14948,38.3,50.5
5.9,15006,51.2,59.7
6.5,14911,54.7,65.5
7.07,15008,65.3,71.8
6.85,15424,72.7,70.6
7.1,15865,67,65
7.61,15909,80,73
18.6,7406,29.8,22.1
21.3,7003,45,28.9
22.6,6243,47.4,25.3
25.19,5203,58.3,44.8
23.98,5128,67.3,54
25.57,5056,48,41
24.8,4964,73,50
62.4,2348,18.7,10.7
65,2316,25,13
64,2369,15.3,11.9
62.44,2310,49.7,19.7
62.19,2352,61.8,15.1
63.55,2352,55,12
64.09,2546,53,28
29.6,4082,10.2,13.1
36.5,3989,22.8,10.1
39,3915,25.1,18.8
37.94,3862,43.8,23.2
41.8,3968,61,37.8
43.24,5076,56,29
44.68,4093,73,42
9.5,3170,36.4,43.4
10.6,3233,41.2,42
11.3,3347,63.3,53.7
10.21,3381,67.6,64.1
10.01,3383,73.4,56.4
13.18,3472,53,58
15.16,3449,77,65
29.9,13084,21.9,12.2
34.3,12605,26.6,20.5
37.2,12045,30.6,17
35.54,11677,53,29.3
36.8,11655,57,35.2
40.21,11703,52,27
38.28,11600,66,41
5.4,3110,43,49.3
5.8,3117,48.7,46.1
6.8,3148,51.7,59.5
6.67,3213,62.2,59.4
6.54,3209,72.2,65.3
7.09,3234,69,54
6.73,3261,83,72
19.7,16739,28,22.5
22.3,16408,35.4,19.6
24.8,16259,41.6,24.3
26.73,15370,50.6,33.9
24.81,14992,51.4,41.9
26.8,15151,52,44
28.48,15135,67,56
19.2,5141,30,27.1
20.3,5046,31.6,25.8
21.3,4866,37,37.2
20.81,4736,55.8,46.6
21.55,4770,49.7,48.3
23.53,4879,59,44
23.29,5025,59,57
22.6,1609,33.9,19.2
18.7,1601,45.9,30.8
20.8,1583,35.4,36.6
15.63,1590,51.3,30.9
18.05,1628,68.8,51
17.42,1667,74,29
21.01,1677,73,77
10,2569,37.6,43.1
11.1,2625,42,42.9
11.3,2703,56.5,42.9
12.24,2767,73.8,45.9
12.92,2887,81.2,66.2
13.91,2930,71,66
12.1,2949,88,78
42.4,2286,19.9,14.4
46.7,2210,36.3,25.2
47.1,2266,45.2,20.6
52.69,2143,44.9,31.6
56.8,2132,60.8,15.1
57.6,2194,49,15
56.73,2196,43,12
67.3,2064,7,3.1
60.9,1689,13,9.9
64.4,1398,13.8,12.7
63.73,1350,52.6,8
74.85,1342,75.8,13.7
73.42,1323,68,10
75.68,1256,61,38
9.1,3221,35.1,38.6
10.6,3003,41.9,33.6
10.8,2885,45.5,45.8
12.91,2711,76.5,58.3
12.96,2692,86.7,59.8
12.15,2740,74,46
12.11,2690,85,77
1.3,1800,59.6,68.9
1.4,1862,65,68.6
1.3,1898,77.6,73
2.14,1961,71.9,77.1
2.58,2059,83.5,81
1.53,2022,83,84
1.04,2067,75,83
3.7,953,39.4,28.2
4.5,984,64.8,31.1
6.1,1026,52.3,50
7.4,1022,72.1,45.7
7.26,1093,74,66.7
9.61,1096,58,42
10.3,1098,82,72
12.1,2220,24.2,21.5
14.4,2221,40,15.6
18.1,1991,52.4,26.8
17.4,1945,61.2,21.1
18.19,2025,53.4,45.2
15.52,1872,55,40
18.63,1943,70,59
16,4850,40.2,34.1
20.9,4797,42.9,28.4
19.7,4647,43.9,48.6
21.82,4571,62.6,41
21.25,4626,71.5,63.2
21.98,4678,67,53
22.39,4707,78,63
9,4021,58.3,66
9.7,4132,66.5,67.2
8.8,4158,78.1,76.9
4.31,4507,79.8,83.7
3.22,4725,88.6,84.7
1.55,4911,91,87
1.4,4971,93,84
7.5,2106,51,36.3
9.3,2100,54.6,39.6
9.8,2089,50.3,41.4
9.63,2063,63.4,43.2
12.48,2039,73.4,49.3
10.41,2085,77,48
13.91,2085,82,50
10.4,4812,30.1,30.7
13.1,4704,34.7,30.9
11.2,4605,39.3,41.5
10.83,4300,63,48.5
10.69,4218,71.2,52.1
10.74,4373,67,43
11.36,4328,73,63
18.1,6983,21.8,29.2
24.3,6901,24.9,27.5
26.6,6797,30.8,39.4
24.93,6157,45.4,44.7
25.16,6040,56.8,51.6
24.38,6179,68,44
25.39,6188,63,54
31.2,3794,42.3,39.7
32.5,3839,41.1,46.1
35.1,3923,42.1,49.8
33.41,3956,61.3,41.2
32.46,3991,58.6,46.5
31.88,3988,62,48
31.57,3923,73,52
45.2,974,23,34.4
45.2,972,34.9,28.9
33.7,928,26.8,42.2
38.75,928,53.4,33.9
38.92,950,41.4,31.3
38.44,955,48,31
38.26,986,51,38
39.5,902,20.8,20.7
42,920,31.3,22.2
36.9,969,25.7,34.3
36.88,950,43.9,32.8
39.64,958,31.3,38.2
32.98,936,17,28
40.32,945,79,58
