Observation,HHSEX,AGE,EDUC,MARRIED,KIDS,LF,FAMSTRUCT,RACE,FOODHOME,FOODAWAY,FOODDELV,INCOME,WAGEINC,BUSSEFARMINC,INTDIVINC,KGINC,SSRETINC,TRANSFOTHINC,PENACCTWD,NORMINC,SAVED,BNKRUPLAST5,KNOWL
1,1,44,10,2,1,1,1,1,5136,6000,0,83036.1861,83036.1861,0,0,0,0,0,0,83036.1861,0,0,5
2,1,71,8,1,0,0,5,1,4160,600,0,80605.8587,0,0,0,0,65618.83975,14581.96439,0,80605.8587,1,0,7
3,1,52,8,1,1,1,4,1,2688,2400,0,40910.5112,37467.54739,202.5272832,0,0,0,3037.909248,0,55695.00287,1,0,9
4,1,58,9,1,0,1,5,2,4800,1200,0,40100.40207,39695.3475,0,0,0,0,0,0,40100.40207,0,0,7
5,1,21,12,2,0,0,2,5,6000,6000,0,20252.72832,0,0,0,0,0,18632.51005,0,50631.82079,1,0,7
6,1,55,8,2,0,0,3,1,3600,0,0,29366.45606,0,0,0,0,29366.45606,0,0,28556.34693,1,0,5
7,1,28,13,2,0,1,2,1,2400,720,0,34429.63814,34429.63814,0,0,0,0,0,0,34429.63814,1,0,6
8,1,69,11,1,0,1,5,1,2080,7800,0,459129.3509,437863.9862,-1.012636416,14480.70075,-3220.183802,34227.11086,0,0,459129.3509,1,0,10
9,2,28,8,2,3,1,1,2,2400,1300,2600,12151.63699,0,0,0,0,8911.20046,3240.436531,0,12151.63699,1,0,6
10,1,57,8,2,1,0,1,1,4800,2400,0,40505.45663,0,0,0,0,40505.45663,0,40000,40505.45663,0,0,10
11,1,35,12,2,0,1,2,5,3000,16800,7200,2815129.236,2278431.936,0,334170.0172,202527.2832,0,0,0,2815129.236,1,0,10
12,1,62,12,1,0,0,5,1,3600,1200,0,46378.74785,12151.63699,0,0,0,34227.11086,0,0,46378.74785,1,0,10
13,2,36,14,1,0,1,5,3,3648,2376,648,189160.4825,189565.537,0,0,0,0,0,0,166679.9541,1,0,4
14,2,38,12,2,0,1,2,2,2400,600,456,91137.27743,91137.27743,0,0,0,0,0,0,91137.27743,0,0,5
15,2,54,12,1,0,1,5,1,7200,3600,0,202527.2832,202527.2832,0,0,0,0,0,0,202527.2832,1,0,7
16,1,48,12,1,1,0,4,1,4800,600,0,35442.27455,20252.72832,0,0,0,22075.47387,0,0,35442.27455,0,0,6
17,2,85,13,2,0,0,3,1,3640,1200,0,102377.5416,0,0,21265.36473,2734.118323,78074.26766,0,1100,102377.5416,1,0,9
18,1,41,13,1,2,1,4,1,6000,18000,1200,2948797.243,303790.9248,2531591.04,5468.236646,14784.49167,0,0,0,2948797.243,1,0,7
19,1,47,14,1,2,1,4,1,6000,1200,1200,189363.0098,177211.3728,12151.63699,0,0,0,0,0,189363.0098,1,0,5
20,1,23,9,2,0,0,2,5,2400,6000,1200,17012.29179,0,0,0,0,0,16202.18265,0,17012.29179,0,0,6
21,1,60,11,1,0,1,5,1,6000,1200,0,94985.29581,84858.93165,3868.271109,311.8920161,0,11139.00057,-5245.456634,0,94985.29581,1,0,8
22,2,31,10,2,1,1,1,1,2080,0,2808,1113.900057,1154.405514,0,0,0,0,0,0,16202.18265,0,0,7
23,1,59,12,1,0,1,5,1,5616,14160,0,0,34024.58357,1692.115451,532849.282,1516929.351,0,-9.113727743,0,458521.7691,1,0,10
24,2,57,9,2,0,0,3,2,2160,0,0,10166.86962,0,0,0,0,8911.20046,1356.932797,0,25113.38311,0,0,5
25,1,36,9,1,3,1,4,2,4800,480,480,32404.36531,31999.31074,0,0,0,0,303.7909248,0,32404.36531,0,0,2
26,1,76,14,1,0,0,5,1,3744,1248,0,53467.20276,0,0,0,0,53669.73004,0,0,53467.20276,1,0,7
27,1,45,12,2,0,1,2,3,1800,888,0,116858.2424,113415.2786,0,115.4405514,3037.909248,0,0,0,103288.9144,1,0,7
28,1,60,12,1,2,1,4,5,5200,600,0,89112.0046,54682.36646,34429.63814,0,0,0,0,0,151895.4624,1,1,5
29,1,47,10,1,1,1,4,1,8400,864,0,121516.3699,121516.3699,0,0,0,0,0,0,121516.3699,1,0,9
30,1,55,13,1,0,0,5,1,13000,15600,0,2821205.055,0,216501.6657,1974033.429,1365033.889,0,0,0,2821205.055,1,0,10
31,2,88,12,2,0,0,3,1,1352,1800,0,70682.02183,0,24505.80126,4556.863871,0,36859.96554,0,9000,70682.02183,0,0,8
32,2,58,8,2,0,1,3,2,3600,1200,0,27746.23779,24303.27398,0,0,0,0,3645.491097,0,27746.23779,0,0,8
33,1,26,9,1,2,1,4,1,3952,3848,0,72909.82194,69871.91269,0,0,0,0,3098.667433,0,72909.82194,1,0,10
34,1,35,12,1,1,1,4,1,2400,2400,0,86074.09535,81010.91327,5063.182079,0,0,0,0,0,86074.09535,0,0,8
35,2,22,8,2,0,1,2,1,2400,2400,0,43543.36588,43543.36588,0,0,0,0,0,0,43543.36588,1,0,8
36,2,67,8,2,0,0,3,3,3848,0,0,9154.233199,0,0,0,0,9174.485928,0,0,9154.233199,0,0,10
37,2,54,7,2,0,0,2,2,1560,0,0,10632.68237,0,0,0,0,9761.815049,830.361861,0,10632.68237,1,0,4
38,1,40,2,1,1,1,4,3,6760,1560,0,40505.45663,40505.45663,0,0,0,0,0,0,40505.45663,0,0,5
39,1,52,8,1,0,1,5,3,2600,264,0,60758.18495,60758.18495,0,0,0,0,0,0,60758.18495,0,0,5
40,1,51,10,1,1,1,4,1,7200,600,1200,137718.5526,131642.7341,6075.818495,0,0,0,0,0,137718.5526,1,0,7
41,1,58,12,1,0,1,5,1,4992,5096,0,3301194.716,554317.174,2180206.203,333562.4354,435838.7134,0,0,0,3301194.716,1,0,9
42,1,51,7,2,0,1,2,3,1040,0,0,16607.23722,15189.54624,0,0,0,0,1417.690982,0,16607.23722,1,0,3
43,1,59,13,1,0,0,5,1,7800,1200,0,65821.36703,7088.454911,19240.0919,848.5893165,0,30986.67433,0,0,115440.5514,0,0,7
44,1,46,4,1,0,1,5,1,3000,960,0,75947.73119,75947.73119,0,0,0,0,0,0,45568.63871,1,0,9
45,1,57,9,2,0,0,3,1,2600,1040,0,70884.54911,0,0,0,0,70884.54911,0,0,70884.54911,0,0,7
46,1,48,13,1,2,1,4,1,7200,2400,1440,151895.4624,151895.4624,-1.012636416,0,0,0,0,0,151895.4624,1,0,8
47,1,54,8,1,6,1,4,1,9600,5200,0,91947.38656,84251.3498,0,0,0,0,7777.047674,0,91947.38656,0,0,8
48,1,32,12,1,0,1,5,1,6448,5200,0,110174.842,109769.7875,0,0,0,0,0,0,110174.842,1,0,8
49,1,66,12,2,0,1,3,3,3120,288,0,136908.4434,121313.8426,0,496.1918438,0,0,0,0,136908.4434,1,0,9
50,2,76,5,2,0,0,3,2,4160,0,0,34024.58357,0,0,5873.291212,3645.491097,24303.27398,0,8000,34024.58357,1,0,-1
51,2,68,8,2,0,0,3,1,2600,960,0,36454.91097,0,0,0,0,36454.91097,0,0,72909.82194,1,0,9
52,1,54,8,1,0,0,5,1,6000,960,0,25923.49225,6987.191269,0,0,0,19240.0919,0,0,25923.49225,0,0,5
53,1,72,12,1,0,1,5,1,31680,12336,0,430167.9495,24910.85583,-810110.9555,1040990.236,206577.8288,61163.23952,0,24800,430167.9495,1,0,9
54,1,62,8,1,1,0,4,1,6000,2000,0,87086.73176,26328.54681,0,0,15189.54624,45568.63871,0,0,87086.73176,1,0,10
55,1,37,12,1,2,1,4,1,6000,7200,0,218121.884,217716.8294,0,151.8954624,0,0,0,0,218121.884,1,0,10
56,1,57,12,1,0,1,5,1,6000,21600,0,763325.3303,760692.4756,-1.012636416,2531.59104,0,0,0,0,763325.3303,1,0,10
57,1,30,12,1,2,1,4,1,6000,2400,240,50631.82079,44556.0023,0,0,0,0,6075.818495,0,50631.82079,1,0,10
58,1,41,9,1,1,1,4,3,13000,1800,0,42530.72947,42530.72947,0,0,0,0,0,0,48606.54796,0,0,4
59,2,32,9,2,0,1,2,3,5200,520,1040,4961.918438,911.3727743,0,0,0,0,4050.545663,0,10126.36416,1,0,5
60,1,59,9,1,0,1,5,1,6656,14400,0,1069344.055,875930.4997,84250.33716,101263.6416,0,4050.545663,0,0,604341.413,1,0,10
61,1,31,12,2,0,0,2,1,1352,624,192,18024.9282,0,0,0,0,0,18045.18093,0,18024.9282,1,0,6
62,2,37,8,2,3,1,1,2,4800,216,0,31391.72889,0,0,0,0,0,31189.20161,0,31391.72889,1,0,8
63,1,64,-1,2,0,0,3,3,2080,1040,0,4111.303848,0,1518.954624,0,0,0,1741.734635,0,4111.303848,0,0,8
64,2,43,12,1,3,1,4,1,10400,1440,0,78175.5313,50631.82079,0,0,0,0,27948.76508,0,78175.5313,1,0,5
65,1,45,3,1,2,1,4,5,7200,600,0,17619.87364,8404.882252,0,0,0,0,9012.464101,0,18227.45549,0,0,3
66,1,44,9,1,0,1,5,1,15600,7800,0,152503.0442,65416.31246,87289.25905,0,0,0,0,0,152503.0442,1,0,10
67,2,75,8,2,0,0,3,1,3000,0,0,37467.54739,0,0,0,0,32606.89259,0,0,37467.54739,0,0,5
68,1,70,14,1,0,1,5,1,5200,5200,0,847981.7346,286576.1057,-202.5272832,152705.5715,354422.7456,54682.36646,0,0,381966.4561,0,0,9
69,1,60,10,1,3,1,4,1,7200,1200,0,124554.2792,124756.8064,0,0,0,0,0,0,124554.2792,1,0,7
70,1,55,13,1,0,0,5,5,6360,600,0,2584248.133,1367059.161,1230353.245,149303.1132,0,0,0,0,2584248.133,1,0,10
71,2,32,9,2,0,1,2,3,5200,5200,0,34024.58357,32404.36531,0,0,0,0,1518.954624,0,25315.9104,0,0,8
72,1,56,12,1,1,1,4,1,6000,2400,0,52252.03906,47593.91155,1316.427341,925.5496841,0,2207.547387,0,0,52252.03906,1,0,3
73,1,42,8,1,0,1,5,2,3600,1512,0,15999.65537,0,0,0,0,14581.96439,182.2745549,0,33822.05629,1,0,10
74,1,64,8,1,0,1,5,1,2400,1800,0,45366.11143,0,-3544.227455,10.12636416,0,49011.60253,0,27000,35442.27456,0,0,6
75,1,57,8,1,0,1,5,1,5400,0,0,48404.02068,47998.96611,0,0,0,0,0,0,48404.02068,1,0,9
76,1,56,8,2,0,0,3,1,720,240,0,17012.29179,0,0,0,0,10733.94601,6197.334865,0,17012.29179,0,0,1
77,1,50,12,1,2,1,4,1,12000,18000,0,2630829.408,236754.394,2723586.904,26581.70592,0,0,0,0,2630829.408,1,0,10
78,2,66,7,2,0,1,3,1,6000,12000,0,1008383.343,103288.9144,772844.1126,47391.38426,0,0,0,0,1855149.914,0,0,7
79,1,60,13,1,1,0,4,1,9200,3120,0,204350.0287,0,-3503.721999,74327.51292,39472.56749,0,0,0,204350.0287,1,0,8
80,1,29,13,2,0,1,2,2,3120,2600,0,65821.36703,65821.36703,0,0,0,0,0,0,65821.36703,1,0,6
81,1,44,8,1,0,1,5,3,720,5200,0,22885.583,0,22885.583,0,0,0,0,0,22885.583,0,0,8
82,1,48,13,1,2,1,4,1,12000,3600,0,0,40505.45663,405045.4526,303.7909248,0,0,0,0,0,1,0,10
83,1,59,8,1,0,1,5,1,2600,5200,0,139338.7708,139136.2435,0,0,0,0,0,0,139338.7708,1,0,10
84,1,51,12,1,1,1,4,1,18044,14560,0,1555409.535,0,1354907.524,168097.645,-101263.6416,0,0,0,10966852.38,1,0,10
85,1,57,12,1,2,1,4,1,12000,3600,600,1304275.704,1012636.416,202527.2832,86580.41356,0,0,0,0,708845.4911,1,0,9
86,1,65,12,1,1,1,4,1,8400,4800,1200,550266.6284,405054.5663,0,0,0,99643.42332,0,72000,550266.6284,1,0,7
87,1,57,9,1,0,1,5,1,5200,5200,0,54884.89374,20860.31017,32926.8857,0,1093.647329,0,0,0,54884.89374,1,0,10
88,2,59,12,2,0,1,3,1,2600,5200,0,121516.3699,0,121516.3699,0,0,0,0,0,121516.3699,1,0,10
89,2,29,8,2,1,1,1,1,3600,2600,0,17012.29179,17214.81907,0,0,0,0,0,0,17012.29179,1,0,10
90,1,51,13,1,1,1,4,1,7200,6000,0,260247.5589,108352.0965,149667.6623,0,0,0,2329.063757,0,182274.5549,1,0,9
91,1,57,9,1,1,1,4,1,6000,24000,0,3586758.185,101263.6416,3037909.248,209615.7381,303790.9248,0,0,0,2531591.04,1,0,10
92,1,42,14,2,3,1,1,1,15000,20000,2000,709858.1275,101263.6416,579228.0299,29366.45606,0,0,0,0,709858.1275,1,0,8
93,1,56,13,1,0,1,5,1,7280,12792,0,6223663.412,50631.82079,454876.278,1383058.817,3746754.739,0,0,0,6223663.412,1,0,10
94,1,66,8,2,0,0,3,1,2688,0,0,11139.00057,0,0,0,0,10065.60597,1255.669156,0,11139.00057,0,0,8
95,1,63,8,1,0,1,5,1,2400,3016,0,0,0,5985.693854,1.012636416,3422.711086,11139.00057,0,0,20252.72832,1,0,10
96,1,46,9,1,0,0,5,1,2400,2080,0,30379.09248,30379.09248,0,0,0,0,0,0,30379.09248,0,0,9
97,2,26,7,2,2,1,1,2,2400,1200,480,46581.27513,40505.45663,0,0,0,0,5954.302125,0,46581.27513,1,0,4
98,2,61,8,2,0,0,3,1,2304,0,0,5670.763929,0,0,0,0,0,5569.500287,0,70884.54911,0,0,10
99,1,74,5,2,0,0,3,1,260,720,0,13366.80069,0,0,0,0,11544.05514,0,0,13366.80069,1,0,1
100,1,55,13,1,0,1,5,1,31824,6000,0,4459650.775,3602960.368,-22075.47387,458926.8237,54682.36646,121921.4245,0,0,4459650.775,1,0,9
101,1,63,12,1,0,1,5,1,7200,18000,0,3315371.626,0,2762472.142,117465.8242,128604.8248,0,0,0,3315371.626,1,0,10
102,1,61,13,1,2,1,4,1,7800,2600,0,132655.3705,133060.425,0,0,0,0,66.83400345,0,132655.3705,0,1,10
103,1,29,10,1,1,1,4,1,6240,1440,0,36454.91097,36454.91097,0,0,0,0,0,0,36454.91097,0,0,6
104,1,59,9,2,0,1,3,1,3120,7280,0,139743.8254,0,71897.18553,1518.954624,3827.765652,0,0,0,139743.8254,0,0,6
105,1,22,9,2,0,1,2,2,1560,480,0,7412.498564,4050.545663,0,0,0,0,1539.207352,0,9194.738656,0,0,8
106,1,37,8,2,1,1,1,3,2400,600,480,43543.36588,43543.36588,0,0,101.2636416,0,0,0,32404.36531,1,0,5
107,1,29,11,1,1,1,4,1,5200,5200,0,74935.09477,74935.09477,0,0,0,0,0,0,91137.27743,1,0,7
108,1,25,8,1,1,1,4,5,4800,600,0,26328.54681,25315.9104,0,0,0,0,1215.163699,0,26328.54681,0,0,5
109,2,46,12,2,0,1,2,5,6000,1200,0,156958.6445,143794.3711,0,876.9431361,0,13164.27341,0,0,115440.5514,1,0,10
110,1,29,9,2,0,1,2,1,1800,960,264,35037.21999,33417.00172,0,0,0,1620.218265,0,0,35037.21999,1,0,5
111,2,86,12,2,1,0,1,1,7800,4200,0,244652.9581,0,-1215.163699,82351.64388,17417.34635,146629.753,0,0,244652.9581,1,0,4
112,1,25,12,2,0,1,2,2,1560,520,0,22480.52843,22480.52843,0,0,0,0,0,0,21265.36473,0,0,2
113,1,74,9,1,0,0,5,1,3848,2808,0,251741.413,0,0,65315.04882,0,112605.1694,0,56800,251741.413,1,0,7
114,2,29,8,2,0,1,2,3,2080,360,240,6825.169443,6237.840322,0,0,0,0,607.5818495,0,6825.169443,0,0,8
115,1,42,11,1,1,1,4,1,5400,1200,0,205970.247,202527.2832,0,0,3341.700172,0,0,0,116453.1878,1,0,6
116,1,32,8,1,0,1,5,1,4576,1800,0,60758.18495,60758.18495,0,0,0,0,0,0,60758.18495,1,0,10
117,1,62,12,1,0,1,5,1,24000,15000,0,22326607.7,1405539.345,19242117.17,688299.0982,67036.53073,0,61568.29408,0,13601732.34,1,0,7
118,1,81,14,1,0,0,5,1,4800,1488,0,109364.7329,0,3827.765652,0,0,105719.2418,0,20000,103288.9144,0,0,8
119,1,46,13,1,3,1,4,3,8400,12000,2400,723427.4555,303790.9248,564646.0655,5622.157381,0,0,0,0,723427.4555,0,0,1
120,1,39,12,1,3,1,4,2,6000,5200,0,111390.0057,82023.54968,0,0,0,20252.72832,9113.727743,0,111390.0057,0,0,7
121,1,48,8,1,2,1,4,1,4800,600,0,94175.18667,94175.18667,0,0,0,0,0,0,94175.18667,0,0,6
122,2,33,12,2,1,1,1,3,4800,2400,0,37467.54739,37467.54739,0,0,0,0,0,0,37467.54739,1,0,8
123,1,67,11,1,0,1,5,1,6000,3000,0,554519.7013,0,337207.9265,4718.885698,7007.443998,45568.63871,0,0,554519.7013,1,0,8
124,1,69,11,2,0,1,3,2,2400,0,0,25315.9104,25315.9104,0,0,0,0,0,0,25315.9104,0,0,7
125,1,53,8,2,0,1,2,1,2400,600,0,12556.69156,0,12556.69156,0,0,0,0,0,15189.54624,0,0,4
126,1,84,8,1,0,0,5,1,3600,600,0,37265.0201,0,0,0,0,36657.43825,0,0,37265.0201,1,0,10
127,1,57,14,1,1,1,4,1,10400,10400,0,3463216.542,0,1419817.519,1112684.894,250728.7766,0,0,0,3463216.542,1,0,9
128,1,39,9,1,0,1,5,1,3000,2400,0,65821.36703,65821.36703,0,0,0,0,0,0,65821.36703,1,0,7
129,1,66,13,1,0,0,5,1,3600,2400,0,74327.51292,2835.381964,-322.0183802,0,0,73719.93107,0,0,74327.51292,1,1,10
130,1,43,14,1,1,1,4,2,4200,3000,0,539532.6824,536697.3004,0,10.12636416,0,0,2713.865594,0,639986.2148,1,0,8
131,1,49,9,1,2,1,4,2,3000,3120,0,105921.7691,91339.80471,14176.90982,0,0,0,0,0,105921.7691,0,0,7
132,1,36,8,1,1,1,4,1,4800,4800,0,73719.93107,65821.36703,1620.218265,0,0,0,6140.627226,0,73719.93107,1,0,6
133,2,38,8,2,0,1,2,2,2080,520,0,32404.36531,28353.81964,4050.545663,0,0,0,0,0,32404.36531,0,0,5
134,2,45,9,2,4,1,1,2,6000,1040,0,16404.70994,15189.54624,0,0,0,0,1089.596783,0,20252.72832,0,0,10
135,1,63,14,2,0,0,3,1,7800,0,2080,136908.4434,0,0,2122.485928,1437.943711,133668.0069,0,0,136908.4434,1,0,8
136,1,47,4,1,2,1,4,3,8112,1456,0,61973.34865,61973.34865,0,0,0,0,0,0,37265.0201,1,0,7
137,2,30,9,2,2,1,1,2,6000,2400,0,14987.01895,5063.182079,0,0,0,0,10450.40781,0,19645.14647,0,0,5
138,1,45,4,1,2,1,4,1,6000,1200,0,84656.40437,80808.38599,0,0,0,0,4739.138426,0,95795.40494,1,0,7
139,1,72,14,1,0,1,5,1,20800,36920,2704,7482370.477,0,6815043.079,175793.6818,50226.76623,195843.8828,0,127000,7482370.477,1,0,7
140,1,57,13,1,2,1,4,1,14640,7344,0,15375871.34,2855634.693,1978691.557,4200415.853,2312861.574,0,0,0,15375871.34,1,0,8
141,2,45,9,2,1,1,1,2,4800,2400,0,39290.29294,31391.72889,0,0,0,0,8161.849512,0,39290.29294,1,0,7
142,1,51,13,1,3,1,4,1,21120,2400,0,315537.5072,251741.413,45771.166,3807.512924,-45568.63871,0,0,0,315537.5072,1,0,9
143,1,34,8,1,2,1,4,1,8400,1560,0,42328.20218,0,41923.14762,0,0,0,0,0,42328.20218,1,0,10
144,1,55,12,1,1,1,4,1,3600,3600,0,190983.228,190983.228,0,0,0,0,0,0,190983.228,1,0,10
145,1,69,13,1,0,1,5,1,5952,4200,0,116453.1878,7088.454911,0,47593.91155,0,61770.82137,0,0,116453.1878,0,0,7
146,1,80,12,1,0,1,5,1,7280,8528,2400,315334.9799,0,15189.54624,74935.09477,26875.37048,131642.7341,0,0,315334.9799,1,0,8
147,1,43,13,1,2,1,4,3,4800,10400,0,257412.1769,232906.3757,15189.54624,20.25272832,0,9113.727743,0,0,257412.1769,1,0,9
148,1,46,9,1,2,1,4,1,18000,1800,0,68251.69443,50631.82079,17214.81907,0,0,0,0,0,91137.27743,0,1,7
149,1,80,8,2,0,0,3,1,10400,36000,0,6075.818495,0,19564.13555,507796.6571,-1012636.416,27746.23779,0,6000,613657.668,0,0,10
150,1,32,11,1,0,1,5,5,2400,600,0,67846.63986,65821.36703,0,0,0,0,2025.272832,0,18814.78461,0,0,9
151,1,38,12,1,0,1,5,1,7800,4200,0,374675.4739,374675.4739,-1.012636416,0,0,0,0,0,253159.104,1,0,9
152,1,30,8,1,0,1,5,2,3000,1200,0,73922.45836,45163.58415,48404.02068,0,0,0,0,0,73922.45836,1,0,7
153,1,31,9,2,2,1,1,1,3600,2400,0,54682.36646,54682.36646,0,0,0,0,0,0,54682.36646,1,0,8
154,1,33,12,1,2,1,4,1,7200,1800,0,57720.2757,57720.2757,0,0,0,0,0,0,57720.2757,1,0,5
155,1,64,12,1,1,0,4,3,5200,728,0,50631.82079,0,0,0,0,50631.82079,0,0,50631.82079,0,1,10
156,1,70,10,2,0,1,3,1,2400,2400,0,63796.0942,0,40505.45663,0,0,23290.63757,0,0,63796.0942,0,0,8
157,1,64,8,1,1,0,4,1,8112,0,0,19847.67375,0,0,0,0,18024.9282,0,0,19847.67375,0,0,9
158,2,29,8,2,4,1,1,2,6000,3600,0,15594.6008,7615.025847,0,0,0,0,9721.309592,0,28556.34693,0,1,2
159,1,31,12,1,1,1,4,3,4128,2832,0,137718.5526,132250.3159,0,1802.49282,3604.98564,0,15594.6008,0,137718.5526,1,0,7
160,1,29,6,1,2,1,4,3,12000,0,0,34632.16542,17619.87364,0,0,0,12151.63699,1984.767375,0,34632.16542,0,0,6
161,1,51,13,1,1,1,4,5,4800,120,0,158376.3354,151895.4624,-1067.318782,0,0,0,7088.454911,0,158376.3354,1,0,7
162,1,68,2,1,0,0,5,1,10400,240,0,14581.96439,0,5468.236646,0,0,7290.982194,1640.470994,0,14581.96439,0,0,2
163,1,71,8,1,0,1,5,1,10400,2600,0,177211.3728,117465.8242,0,0,0,59340.49397,0,0,177211.3728,1,0,9
164,2,45,14,2,3,1,1,1,13000,2600,0,248906.031,15189.54624,87390.52269,24303.27398,50631.82079,54682.36646,0,0,248906.031,0,0,6
165,2,55,13,2,2,0,1,5,6000,360,0,47796.43883,0,0,0,0,15797.12809,32606.89259,0,36454.91097,1,0,10
166,1,55,12,1,2,1,4,1,15600,31200,0,2256153.935,565861.2292,1624268.811,19272.49627,-3037.909248,16202.18265,32404.36531,0,2256153.935,1,0,8
167,1,65,8,1,0,1,5,1,4800,7200,0,2231850.661,0,1743759.908,77770.47674,33822.05629,0,101263.6416,0,2231850.661,1,0,9
168,1,69,12,2,0,0,3,2,6000,1800,0,67846.63986,0,0,0,0,67846.63986,0,0,67846.63986,1,0,10
169,1,56,14,1,3,1,4,1,7200,2400,0,154528.3171,151895.4624,0,352.3974727,-263.2854681,0,2977.151063,0,154528.3171,1,0,8
170,1,32,9,2,0,1,2,1,1800,1800,0,14379.43711,14176.90982,0,0,0,0,0,0,14379.43711,0,0,7
171,1,40,12,1,2,1,4,3,13000,1800,1560,151895.4624,0,151895.4624,0,0,0,0,0,151895.4624,0,0,7
172,1,35,12,2,0,1,2,1,4160,520,0,30379.09248,25315.9104,0,0,0,0,5063.182079,0,30379.09248,1,0,2
173,1,33,8,1,0,1,5,1,4800,240,240,34632.16542,34429.63814,0,0,0,0,0,0,34632.16542,0,0,7
174,1,40,9,2,0,1,2,1,2400,360,0,22278.00115,0,20252.72832,0,0,0,2025.272832,0,22278.00115,0,0,8
175,1,70,5,1,0,0,5,2,7200,3600,0,62783.45778,0,0,0,0,50631.82079,12151.63699,0,50631.82079,1,0,10
176,2,21,9,2,0,1,2,5,1800,480,0,6541.631246,10126.36416,0,0,0,0,3888.523837,0,17417.34635,1,0,5
177,1,51,8,1,0,1,5,1,3600,240,0,14784.49167,11746.58242,2551.843768,0,0,0,0,0,14784.49167,0,0,9
178,1,59,14,1,1,1,4,1,6096,9480,0,9302078.116,710870.7639,917651.12,2304557.955,3943206.203,0,0,0,9302078.116,1,0,10
179,1,32,9,1,0,1,5,1,5400,2400,0,106326.8237,106326.8237,0,0,0,0,0,0,106326.8237,1,0,8
180,1,60,14,1,0,1,5,1,9600,3600,0,453661.1143,0,255184.3768,0,0,104706.6054,0,0,453661.1143,1,0,10
181,1,58,9,2,1,1,1,1,9600,24000,0,5038878.805,1316427.341,3544227.456,149465.135,0,0,0,0,5038878.805,1,0,8
182,2,50,8,2,0,1,2,1,2080,120,0,0,0,-9.113727743,0,0,0,-9.113727743,0,121516.3699,0,0,8
183,2,71,12,2,0,0,3,1,3600,1200,0,84048.82252,0,40910.5112,2294.634118,0,41113.03848,0,3000,84048.82252,1,0,8
184,1,58,8,1,1,1,4,1,3600,0,0,50429.29351,20860.31017,0,0,0,31391.72889,0,0,55492.47559,0,1,10
185,1,32,10,2,0,1,2,1,1200,600,0,7169.465824,7189.718553,0,0,0,0,0,0,7169.465824,0,0,9
186,1,55,7,1,0,1,5,1,9600,1200,0,328094.1987,125971.9701,0,194223.6646,7999.827685,0,0,0,125566.9156,1,0,6
187,1,72,14,1,0,1,5,5,2400,2600,0,294677.197,55289.94831,0,36799.20735,-3037.909248,210628.3745,0,153400,294677.197,1,0,10
188,2,67,9,2,0,1,3,1,7200,1200,0,4050.545663,0,-5063.182079,8.101091327,0,9113.727743,0,0,25315.9104,0,0,5
189,2,69,12,2,0,0,3,1,18000,2400,0,333157.3808,0,313654.0034,0,0,0,0,0,333157.3808,1,0,8
190,1,58,12,1,0,1,5,1,3600,2400,0,67239.05801,62783.45778,0,0,0,0,4759.391155,0,91137.27743,1,0,7
191,1,30,13,1,0,1,5,5,12000,9600,0,111390.0057,111390.0057,0,0,0,0,0,0,111390.0057,0,0,9
192,1,57,9,1,2,0,4,1,7200,600,0,111390.0057,30379.09248,0,0,0,81010.91327,0,80000,111390.0057,1,0,7
193,1,47,12,1,0,1,5,1,10800,2400,0,101263.6416,101263.6416,0,0,0,0,0,0,101263.6416,1,0,10
194,1,56,11,1,0,1,5,1,15600,10800,0,122731.5336,51239.40264,14176.90982,2855.634693,0,54479.83917,0,0,202527.2832,1,0,10
195,1,61,8,1,1,0,4,1,9600,2400,0,200096.9558,107136.9328,0,4506.232051,0,91137.27743,0,0,200096.9558,1,0,10
196,2,57,9,2,0,1,3,2,5720,0,0,17822.40092,18227.45549,0,0,0,0,0,0,28556.34693,0,0,8
197,2,30,12,2,0,1,2,1,12000,12000,6000,81010.91327,81010.91327,0,0,0,0,0,0,81010.91327,1,0,4
198,1,53,13,1,4,1,4,1,48000,24000,0,0,0,-9.113727743,20070.45376,-1.012636416,0,0,0,2025272.832,0,0,8
199,1,47,12,2,0,1,2,1,9984,16432,10504,6015060.31,0,1681786.559,2475288.455,2655132.682,0,0,0,6015060.31,1,0,9
200,1,59,8,1,0,1,5,1,7200,4800,0,85061.45893,65821.36703,0,0,0,19240.0919,0,0,85061.45893,0,0,8
201,1,56,8,1,1,1,4,1,13000,10400,0,49821.71166,12151.63699,3260.689259,0,0,33417.00172,0,0,49821.71166,1,0,9
202,1,63,7,1,0,1,5,1,5200,600,0,56707.63929,56707.63929,0,0,0,0,0,0,56707.63929,0,0,10
203,1,56,9,2,0,1,3,2,864,360,0,18632.51005,18835.03733,0,0,0,0,0,0,18632.51005,0,0,6
204,2,24,8,2,2,1,1,1,4800,240,360,14176.90982,12151.63699,0,0,0,0,1620.218265,0,33619.52901,1,0,5
205,1,23,8,1,1,1,4,1,6000,1200,0,33417.00172,33417.00172,0,0,0,0,0,0,38480.1838,0,0,5
206,1,44,6,2,0,1,2,3,2400,600,0,33417.00172,33417.00172,0,0,0,0,0,0,33417.00172,0,0,5
207,1,46,9,2,0,1,2,1,6000,1800,0,32404.36531,0,32404.36531,0,0,0,0,0,65821.36703,0,0,8
208,1,37,13,1,3,1,4,1,26000,10400,10400,203539.9196,202527.2832,0,1012.636416,0,0,0,0,231083.6301,1,0,9
209,1,70,12,1,0,1,5,1,9600,12000,0,5006474.44,0,3252588.168,1144825.974,585708.9029,23290.63757,1113.900057,0,5006474.44,1,0,9
210,1,51,14,1,0,1,5,1,10200,4800,0,4230794.945,0,3963458.932,205747.467,-3037.909248,0,15189.54624,0,4230794.945,1,0,7
211,2,64,12,2,0,1,3,1,4000,3600,150,86479.14991,16202.18265,0,20.25272832,0,69466.85813,1194.910971,0,86479.14991,1,0,9
212,1,53,8,2,0,0,2,1,2400,288,0,17822.40092,0,0,0,0,17822.40092,0,0,60758.18495,0,0,8
213,1,26,13,1,2,1,4,1,4200,2640,0,103288.9144,103288.9144,0,0,0,0,0,0,126579.552,0,0,10
214,1,32,9,1,2,1,4,5,7200,30000,6000,293664.5606,98833.31419,165667.3176,0,0,0,0,0,165059.7358,1,0,6
215,1,81,9,1,0,0,5,1,6000,1040,0,23391.90121,0,0,0,775.6794945,23391.90121,0,3100,23391.90121,0,0,8
216,1,51,8,1,0,0,5,3,4800,960,0,26328.54681,16202.18265,0,0,0,10126.36416,0,0,26328.54681,1,0,5
217,1,45,8,2,0,1,2,3,4200,3600,0,69871.91269,69871.91269,0,0,0,0,0,0,69871.91269,1,0,7
218,1,60,6,1,1,1,4,2,3640,240,0,35037.21999,35442.27456,0,0,0,0,0,0,35037.21999,0,0,9
219,1,82,14,1,1,0,4,2,6000,600,0,195297.0592,0,0,0,0,195499.5864,0,77860,195297.0592,1,0,9
220,2,42,8,2,1,1,1,1,4800,1200,0,24303.27398,24303.27398,0,0,0,0,0,0,24303.27398,1,0,6
221,1,54,12,1,1,1,4,1,10800,12000,0,0,0,625800.1913,202527.2832,0,0,-9.113727743,0,0,1,0,8
222,2,67,9,2,0,0,3,1,7800,360,0,17012.29179,0,0,1.012636416,0,16607.23722,0,0,17012.29179,0,0,10
223,1,61,2,1,0,1,5,3,6240,2080,0,32404.36531,0,32404.36531,0,0,0,0,0,32404.36531,0,0,8
224,1,64,8,1,0,1,5,1,1560,1200,0,95187.82309,95187.82309,0,0,0,0,0,0,141769.0982,1,0,10
225,2,31,6,2,2,1,1,3,10400,1200,1560,15999.65537,12151.63699,0,0,0,0,4010.040207,0,15999.65537,0,0,5
226,1,33,9,1,2,1,4,1,3600,1200,0,44961.05686,44961.05686,0,0,0,0,70.88454911,0,44961.05686,0,0,5
227,1,51,8,1,1,1,4,1,3600,1200,0,81010.91327,81010.91327,0,0,0,0,0,0,91137.27743,0,0,4
228,1,50,8,1,1,1,4,3,3600,480,0,93567.60482,81010.91327,8060.58587,0,0,0,0,0,93567.60482,1,0,10
229,2,58,5,2,0,1,3,2,2280,0,0,4597.369328,0,0,0,0,0,3347.775991,0,4597.369328,0,0,2
230,1,56,2,1,4,1,4,3,6000,4800,1200,60758.18495,0,60758.18495,0,0,0,0,0,60758.18495,0,0,10
231,1,46,13,1,3,1,4,1,7200,3600,0,2160966.111,0,1055167.145,49426.78346,1059217.691,0,0,0,253159.104,1,0,7
232,1,25,10,2,0,1,2,5,5200,2080,0,8323.871338,0,0,0,0,0,1340.730615,0,8323.871338,1,0,7
233,1,24,11,2,0,1,2,3,4800,240,0,18227.45549,15999.65537,0,0,0,0,2227.800115,0,11139.00057,0,0,8
234,1,72,12,2,0,0,3,1,13440,1824,0,421661.8036,37062.49282,0,160543.3774,81415.96783,142781.7346,0,0,421661.8036,1,0,6
235,1,84,10,2,0,0,3,2,840,360,0,19645.14647,0,0,0,0,19847.67375,0,0,19645.14647,1,0,7
236,1,55,12,1,0,1,5,1,6552,4800,0,784793.2223,632897.7599,151895.4624,0,0,0,0,0,784793.2223,1,0,9
237,1,39,12,1,1,1,4,2,9600,4800,0,98833.31419,98225.73234,0,0,0,0,540.7478461,0,98833.31419,0,0,7
238,1,35,11,2,0,1,2,1,1200,1200,0,141769.0982,134680.6433,2531.59104,2025.272832,2531.59104,0,0,0,141769.0982,1,0,6
239,1,73,14,1,0,1,5,1,1200,7800,0,236146.8122,151895.4624,4050.545663,8870.695003,13366.80069,70884.54911,0,0,236146.8122,1,0,7
240,2,54,-1,2,1,1,1,3,2600,800,0,23290.63757,23290.63757,0,0,0,0,0,0,23290.63757,0,0,8
241,1,76,3,2,0,0,3,1,1800,240,0,12759.21884,0,0,0,0,12961.74612,0,0,12759.21884,0,0,3
242,1,28,9,2,0,1,2,1,2392,2600,0,30379.09248,0,30379.09248,0,0,0,0,0,30379.09248,0,0,7
243,1,64,8,1,0,1,5,3,960,240,0,34429.63814,25315.9104,0,0,0,9052.969558,0,0,34429.63814,0,0,10
244,1,46,8,1,1,1,4,1,9600,6000,0,3675870.19,180249.282,3446062.481,11442.7915,33822.05629,0,0,0,2025272.832,1,0,9
245,2,67,12,2,0,1,3,1,3744,1200,0,96200.45951,65821.36703,0,0,0,30379.09248,0,0,96200.45951,1,0,7
246,1,56,14,1,3,1,4,1,14400,12000,0,711478.3458,0,708845.4911,2531.59104,-3037.909248,0,0,0,711478.3458,1,0,10
247,1,55,11,1,0,1,5,1,2400,2088,0,78985.64044,77770.47674,-872.8925904,688.5927628,1417.690982,0,0,0,78985.64044,1,0,8
248,1,35,13,1,1,1,4,2,2400,0,1200,76960.36761,76960.36761,0,0,0,0,0,0,76960.36761,1,0,6
249,1,52,10,2,1,1,1,2,2496,648,0,37062.49282,36859.96554,0,0,0,0,0,0,37062.49282,0,0,7
250,2,27,8,2,0,1,2,2,2400,4160,0,2430.327398,0,0,0,0,0,2430.327398,0,2430.327398,0,0,3
251,1,40,2,1,3,1,4,3,7800,2080,0,20252.72832,20252.72832,0,0,0,0,0,0,20252.72832,0,0,-1
252,1,69,12,1,0,1,5,2,10400,5200,0,3868271.109,303790.9248,3544227.456,20252.72832,0,0,0,0,3868271.109,1,0,10
253,1,39,11,1,2,1,4,2,7200,1800,0,121516.3699,121516.3699,0,0,0,0,0,0,121516.3699,0,0,5
254,1,50,8,1,2,1,4,3,8328,2184,0,174781.0454,126984.6066,0,0,0,0,14784.49167,0,174781.0454,1,0,7
255,1,60,13,1,1,1,4,1,6000,1200,0,40505.45663,40505.45663,0,0,0,0,0,0,37467.54739,0,0,4
256,1,62,12,1,0,1,5,1,2688,2400,0,108352.0965,65821.36703,0,4050.545663,0,38480.1838,0,0,108352.0965,1,0,10
257,1,53,10,1,2,1,4,5,4680,1200,0,72909.82194,72909.82194,0,0,0,0,0,0,72909.82194,0,0,6
258,2,73,-1,2,0,0,3,1,5200,0,0,21670.4193,0,0,0,0,15189.54624,7290.982194,0,21670.4193,0,0,10
259,1,68,12,1,0,1,5,1,1456,31200,0,2584248.133,0,-23695.69213,135881.6301,2448554.854,26328.54681,1.012636416,0,396345.8932,0,0,8
260,2,59,12,2,0,1,3,1,1800,1800,0,20252.72832,20252.72832,0,0,0,0,198.4767375,0,20252.72832,1,0,8
261,1,47,12,1,2,1,4,1,6000,3600,0,91137.27743,91137.27743,0,0,0,0,0,0,91137.27743,1,0,8
262,2,65,12,2,0,0,3,1,2400,0,0,10126.36416,0,0,0,0,9923.836875,714.9213096,0,10126.36416,0,0,6
263,1,55,14,1,1,1,4,1,7800,20800,0,3388281.447,0,1113900.057,1964514.647,18227.45549,0,289614.0149,0,3388281.447,1,0,9
264,1,49,9,1,2,1,4,1,11440,2208,0,23695.69213,0,16404.70994,0,0,0,0,0,58935.4394,0,0,5
265,1,40,12,1,2,1,4,1,3600,2400,0,24303.27398,24303.27398,0,0,0,0,0,0,35442.27456,1,0,8
266,1,55,11,1,0,1,5,1,7800,2400,0,111592.533,109364.7329,0,44.5560023,2126.536473,0,0,0,111592.533,1,0,8
267,1,54,13,1,2,1,4,1,7200,2400,0,173363.3544,166679.9541,0,1441.994256,1336.680069,0,3564.480184,0,173363.3544,1,0,8
268,1,89,8,1,0,0,5,1,4160,2080,0,34632.16542,0,0,4506.232051,0,30379.09248,0,0,34632.16542,0,0,3
269,1,51,10,1,2,1,4,1,7200,1200,0,169312.8087,165059.7358,0,506.3182079,0,0,4050.545663,0,169312.8087,1,0,5
270,1,57,9,1,1,1,4,2,6000,2400,0,138528.6617,131642.7341,0,50.63182079,-405.0545663,0,4273.325675,0,138528.6617,1,0,8
271,2,74,8,2,0,0,3,1,936,120,0,18835.03734,0,0,83.0361861,0,18835.03734,0,3600,18835.03734,1,0,9
272,1,48,12,2,2,1,1,1,9600,4800,0,113212.7513,76960.3676,36454.91097,0,0,0,0,0,157971.2809,0,0,6
273,1,64,14,1,0,1,5,1,2400,1200,0,72909.82194,0,48606.54796,0,0,24303.27398,0,0,72909.82194,1,0,8
274,1,65,12,1,0,1,5,1,7200,1800,0,734363.9288,556950.0287,122934.0609,30.37909248,0,14581.96439,0,0,734363.9288,1,0,10
275,1,48,8,1,1,1,4,1,3600,2400,2400,91137.27743,91137.27743,0,0,0,0,0,0,91137.27743,1,0,8
276,1,22,9,2,0,1,2,1,2616,6432,0,26126.01953,15797.12809,0,0,0,0,0,0,26126.01953,1,0,7
277,1,58,13,1,3,1,4,1,5824,5512,0,10253956.35,0,8650952.901,817400.1149,1061040.437,0,0,0,4886983.343,1,0,10
278,1,33,8,1,2,1,4,1,6500,3900,0,58327.85755,57922.80299,0,0,0,0,0,0,58327.85755,1,0,10
279,1,79,14,1,0,1,5,1,13000,13000,0,234931.6485,141769.0982,20252.72832,15695.86445,4556.863871,52657.09362,0,10000,234931.6485,0,0,10
280,2,43,12,2,1,1,1,2,3600,720,0,39087.76565,38885.23837,0,0,0,0,0,0,39087.76565,1,0,5
281,1,62,10,1,0,0,5,1,6000,600,0,20252.72832,0,0,0,0,20252.72832,0,10000,20252.72832,0,0,10
282,1,40,8,1,2,1,4,1,12000,4800,0,54277.31189,8101.091327,39897.87478,0,0,0,6582.136703,0,54277.31189,1,0,8
283,1,32,8,2,0,1,2,2,2400,600,0,9761.815049,9539.035037,0,0,0,0,0,0,17214.81907,0,0,10
284,1,62,8,1,0,1,5,1,5000,2000,0,111390.0057,22278.00115,89112.0046,0,0,0,0,0,121516.3699,1,0,7
285,1,34,9,1,0,1,5,2,3072,1776,0,47796.43883,47796.43883,0,0,0,0,0,0,47796.43883,1,0,9
286,2,76,8,2,0,0,3,1,5200,288,0,420244.1126,0,0,0,0,15189.54624,405054.5663,0,15189.54624,0,0,7
287,2,65,11,2,0,0,3,2,600,288,0,19037.56462,0,0,0,0,13569.32797,0,0,19037.56462,0,0,10
288,2,49,14,1,1,1,4,3,36400,2600,0,151895.4624,50631.82079,101263.6416,0,0,0,0,0,151895.4624,0,0,6
289,1,44,9,1,0,1,5,1,12000,3600,0,80605.8587,0,71897.18553,0,0,0,0,0,80605.8587,1,0,3
290,2,70,9,2,0,0,3,1,1632,676,0,36454.91097,0,0,0,0,36454.91097,0,0,36454.91097,0,0,5
291,1,37,14,1,2,1,4,1,7200,7200,0,421256.749,421256.749,0,91.13727743,0,0,0,0,421256.749,1,0,5
292,1,31,5,1,1,1,4,2,4800,1200,0,27746.23779,25315.9104,0,0,0,0,7432.751292,0,17214.81907,0,0,8
293,1,60,12,2,1,1,1,3,10400,6000,480,75947.73119,74732.56749,1518.954624,0,0,0,0,0,75947.73119,0,0,8
294,1,54,3,1,0,1,5,1,5200,168,0,50631.82079,50429.29351,0,0,0,0,0,0,50631.82079,0,0,10
295,1,40,12,2,1,1,1,1,5200,520,0,49214.12981,45163.58415,0,44.5560023,342.2711086,0,4597.369328,0,49214.12981,1,0,10
296,1,43,-1,1,3,1,4,3,7800,1920,1040,34429.63814,30379.09248,0,0,0,0,4253.072947,0,34429.63814,0,0,4
297,1,58,13,1,0,1,5,1,5200,2880,0,1662748.995,726667.892,518064.7904,131035.1522,-101263.6416,0,0,0,1662748.995,1,0,8
298,2,90,8,2,0,0,3,1,2400,0,0,23493.16485,0,0,0,0,21670.4193,0,0,23493.16485,1,0,3
299,2,43,12,2,1,1,1,2,4800,1200,0,18227.45549,18227.45549,0,0,0,0,0,0,45568.63871,0,0,5
300,1,28,4,1,2,1,4,3,5200,312,0,15189.54624,15189.54624,0,0,0,0,2582.22286,0,20252.72832,0,0,10
301,1,46,8,1,2,1,4,1,7800,1040,0,45568.63871,45568.63871,0,0,0,0,0,0,45568.63871,0,0,5
302,1,69,5,1,0,0,5,1,3600,100,0,27543.71051,18227.45549,0,0,0,9356.760482,0,0,29568.98334,0,0,8
303,1,58,12,1,0,1,5,1,10504,12040,0,13903497.99,8101091.327,1642496.267,1297592.303,396345.8932,0,0,0,13903497.99,1,0,8
304,1,56,9,1,0,1,5,1,7800,0,0,99238.36875,18024.9282,81010.91327,0,-1.012636416,0,0,0,111390.0057,1,1,7
305,1,46,11,1,2,1,4,1,7200,3000,600,207590.4653,207590.4653,0,0,0,0,0,0,207590.4653,0,0,9
306,1,27,9,2,0,1,2,1,2080,1040,520,25518.43768,25720.96496,0,0,0,0,0,0,25518.43768,0,0,3
307,1,60,13,1,0,0,5,1,12000,3600,0,410117.7484,0,5063.182079,70884.54911,182274.5549,151895.4624,0,0,410117.7484,1,0,9
308,2,30,9,2,1,0,1,1,4200,240,0,10855.46238,0,0,0,0,0,9255.496841,0,10855.46238,0,0,2
309,1,36,12,2,1,1,1,2,3600,1800,0,82833.65882,75947.73119,6582.136703,0,0,0,0,0,82833.65882,1,0,8
310,2,28,9,2,1,1,1,1,2400,480,0,2329.063757,0,0,0,0,0,2329.063757,0,30379.09248,0,0,8
311,2,58,12,2,0,1,3,1,1080,240,0,35442.27456,35442.27456,0,0,0,0,0,0,35442.27456,0,1,6
312,2,30,14,2,0,1,2,1,1752,984,0,43745.89317,43745.89317,0,0,0,0,0,0,43745.89317,1,0,6
313,1,42,12,1,2,1,4,1,12000,4200,0,211641.0109,186325.1005,3037.909248,0,0,22278.00115,0,0,211641.0109,1,0,7
314,1,51,9,1,2,1,4,1,9600,600,0,110377.3693,93162.55026,0,0,0,16404.70994,887.0695003,0,110377.3693,0,0,7
315,1,37,13,1,0,1,5,5,3600,2400,0,124959.3337,121516.3699,3037.909248,172.1481907,0,0,0,0,124959.3337,1,0,6
316,1,66,8,1,1,0,4,1,12000,12000,0,329106.8352,312297.0707,0,0,0,17214.81907,0,0,329106.8352,0,0,10
317,1,57,9,1,1,1,4,1,6552,2600,0,101263.6416,101263.6416,0,0,0,0,0,0,101263.6416,0,0,8
318,1,57,12,1,0,1,5,1,7800,5200,0,321815.853,278475.0144,0,12657.9552,30379.09248,0,0,0,321815.853,1,0,10
319,1,75,13,1,0,0,5,1,6000,3000,0,167085.0086,0,0,25315.9104,60758.18495,81010.91327,0,15000,167085.0086,1,0,8
320,1,57,10,1,2,1,4,5,9100,1200,0,91137.27743,91137.27743,0,0,0,0,0,0,91137.27743,0,0,9
321,1,53,13,1,3,1,4,1,17520,3864,0,5134066.628,0,3394357.266,890917.5187,439281.6772,0,75947.73119,0,5134066.628,1,0,10
322,1,50,9,2,0,1,2,1,3600,2600,0,60758.18495,54682.36646,6075.818495,0,0,0,0,0,60758.18495,1,0,8
323,2,79,7,2,1,0,1,1,6000,0,0,24505.80126,0,0,0,0,19037.56462,5731.522114,0,24505.80126,0,0,8
324,1,61,8,2,0,1,3,1,4800,7800,0,172148.1907,164047.0994,8101.091327,0,0,0,0,0,126579.552,0,0,8
325,2,62,9,2,0,0,3,2,2400,3600,0,34429.63814,0,0,0,0,34429.63814,0,10000,34429.63814,0,0,8
326,1,29,9,1,1,1,4,1,6000,720,0,21062.83745,19442.61918,1721.481907,0,0,0,0,0,21062.83745,0,0,7
327,2,55,9,2,1,1,1,1,5304,1560,0,36454.91097,35037.21999,0,0,0,0,1316.427341,0,36454.91097,0,0,8
328,1,86,10,2,0,0,3,1,2600,2600,0,73719.93107,0,0,31898.0471,10733.94601,29366.45606,2025.272832,14000,73719.93107,0,0,8
329,2,64,5,2,0,0,3,2,2304,0,0,17194.56634,0,0,0,0,10875.71511,8364.376795,0,17194.56634,0,0,4
330,1,27,12,1,1,1,4,1,4800,0,0,105314.1873,105314.1873,0,8.101091327,0,0,0,0,105314.1873,1,0,6
331,1,60,6,1,3,0,4,1,10920,1040,720,84048.82252,38480.1838,0,0,0,45568.63871,0,0,84048.82252,0,0,8
332,2,25,12,2,0,1,2,1,1800,1800,0,35442.27456,35442.27456,0,0,0,0,0,0,35442.27456,1,0,6
333,2,26,12,2,0,1,2,2,1200,600,0,40505.45663,40505.45663,0,0,0,0,0,0,40505.45663,0,0,5
334,1,52,8,1,0,1,5,2,4800,1200,0,28961.40149,18835.03734,0,0,0,0,8627.662263,0,28961.40149,0,0,4
335,2,38,8,2,1,1,1,3,4800,600,0,45973.69328,43543.36588,0,0,0,0,2329.063757,0,45973.69328,0,0,9
336,1,61,12,2,0,1,3,1,1200,7200,0,150275.2441,150275.2441,0,0,0,0,0,0,150275.2441,1,0,8
337,1,37,8,2,0,1,2,1,1200,0,0,40505.45663,40505.45663,0,0,0,0,0,0,40505.45663,1,0,5
338,1,38,12,1,3,1,4,1,4200,600,600,111187.4785,109364.7329,0,1417.690982,0,0,0,0,111187.4785,1,0,10
339,1,59,14,1,2,0,4,1,10400,7200,0,1113900.057,0,1113900.057,0,0,0,0,0,1113900.057,1,0,8
340,1,46,3,1,0,1,5,1,3720,600,0,17214.81907,17214.81907,0,0,0,0,0,0,17214.81907,0,0,8
341,1,75,9,1,0,1,5,1,6000,7800,0,5254975.416,1816669.73,2491085.583,697503.9632,3037.909248,191793.3372,50226.76623,99400,5254975.416,1,0,9
342,1,65,8,1,0,0,5,1,4800,6240,0,82226.07697,0,465.8127513,0,0,81821.0224,0,20000,82226.07697,1,0,9
343,2,22,9,2,1,0,1,3,4800,1440,0,11341.52786,0,0,0,0,0,11139.00057,0,11341.52786,0,0,9
344,2,65,13,2,0,1,3,5,3840,1200,960,89112.0046,40505.45663,0,0,10531.41873,24303.27398,0,0,89112.0046,1,0,10
345,2,60,12,2,0,1,3,1,3120,3952,0,54682.36646,54682.36646,0,151.8954624,0,0,0,0,54682.36646,1,0,8
346,2,57,8,2,0,1,3,1,720,288,0,48606.54796,48606.54796,0,0,0,0,0,0,48606.54796,1,0,8
347,1,52,8,2,0,1,2,3,2600,0,0,23290.63757,23290.63757,0,0,0,0,0,0,23290.63757,0,0,8
348,1,44,8,1,0,1,5,1,7200,4800,0,123541.6427,69669.38541,53872.25732,0,0,0,0,0,123541.6427,1,0,5
349,1,62,13,1,0,1,5,1,2400,864,0,103288.9144,103288.9144,253.159104,0,0,0,0,0,103288.9144,0,0,8
350,1,57,8,1,2,0,4,1,7200,312,0,33619.52901,29163.92878,0,0,0,0,4415.094773,0,67441.5853,0,0,10
351,1,35,8,1,2,1,4,1,3600,3000,0,77770.47674,75947.73119,0,0,0,1701.229179,0,0,77770.47674,1,0,8
352,2,20,9,2,0,1,2,1,3000,720,0,6075.818495,6075.818495,0,0,0,0,0,0,6075.818495,0,0,5
353,1,56,8,1,0,0,5,1,4800,360,0,26328.54681,0,0,0,0,26328.54681,0,0,26328.54681,0,0,9
354,1,68,8,1,0,0,5,2,3600,1200,0,59340.49397,0,0,0,0,49011.60253,0,0,59340.49397,0,0,10
355,2,52,11,2,1,1,1,2,3600,360,0,27341.18323,15797.12809,0,0,0,0,13792.10798,0,53669.73004,0,0,3
356,2,59,9,2,0,1,3,1,1560,5200,0,35847.32912,50631.82079,-16809.7645,2371.594486,-6.075818496,0,0,0,35442.27456,0,0,5
357,1,63,12,1,0,1,5,1,3600,2088,0,98833.31419,93162.55026,0,0,0,5468.236646,0,0,98833.31419,0,0,7
358,1,70,13,1,0,0,5,1,10400,13000,0,163642.0448,0,0,660.2389431,0,163034.463,0,0,163642.0448,0,0,9
359,1,28,10,2,0,1,2,3,2600,2080,0,25315.9104,25315.9104,0,0,0,0,0,0,19240.0919,1,0,7
360,1,26,13,1,2,1,4,2,10400,10400,0,48809.07524,49214.12981,0,0,0,0,0,0,48809.07524,1,0,8
361,1,64,9,1,0,0,5,1,3848,0,0,24303.27398,0,0,0,0,24303.27398,0,0,24303.27398,0,0,7
362,1,85,12,1,0,0,5,1,2808,3480,0,30379.09248,0,0,10126.36416,0,20252.72832,0,0,30379.09248,1,0,10
363,1,70,12,1,0,0,5,1,6000,12000,0,345511.5451,0,278475.0144,50631.82079,0,24303.27398,0,0,345511.5451,1,0,10
364,1,48,12,1,1,1,4,2,18000,6000,0,911372.7743,442927.1683,405054.5663,24505.80126,0,0,0,0,911372.7743,1,0,9
365,2,64,9,2,0,1,3,1,2400,1800,0,56910.16657,56707.63929,0,50.63182079,0,0,0,0,56910.16657,0,0,8
366,2,51,10,2,1,1,1,1,4152,2520,0,63188.51235,63188.51235,0,0,0,0,0,0,63188.51235,1,0,10
367,1,44,14,1,2,1,4,5,12000,9000,0,524545.6634,506318.2079,0,20.25272832,0,22278.00115,0,0,524545.6634,1,0,7
368,1,53,8,1,0,1,5,1,12480,520,0,75745.20391,76960.36761,3645.491097,0,-4860.654796,0,0,0,75745.20391,0,0,7
369,1,45,8,1,2,1,4,3,8944,960,0,81618.49512,65821.36703,7290.982194,0,0,0,8506.145893,0,81618.49512,0,0,6
370,1,57,10,1,0,0,5,1,3328,2080,0,77162.89489,44556.0023,1215.163699,60.75818495,0,31391.72889,0,0,77162.89489,0,0,7
371,1,40,12,1,4,1,4,1,16800,1200,0,124554.2792,124554.2792,0,0,0,0,0,0,105314.1873,1,0,9
372,1,48,8,2,0,1,2,2,5200,5200,0,19240.0919,19240.0919,0,0,0,0,0,0,15189.54624,1,0,7
373,1,60,8,2,0,0,3,1,4800,600,0,21670.4193,0,0,0,0,8911.20046,11604.81333,0,63188.51235,1,0,9
374,1,68,11,1,0,0,5,1,7200,780,0,19240.0919,0,0,0,0,19240.0919,0,0,19240.0919,0,0,7
375,1,23,6,1,2,1,4,5,5400,2600,0,30784.14704,25315.9104,0,0,0,0,5468.236646,0,30784.14704,0,0,6
376,2,34,12,2,0,1,2,5,3000,2400,3000,172148.1907,172148.1907,0,0,0,0,0,0,172148.1907,1,0,6
377,1,39,8,1,1,1,4,1,4200,0,84,29568.98334,28353.81964,911.3727743,0,0,0,283.5381964,0,31391.72889,0,0,6
378,2,42,13,2,1,1,1,1,4800,1800,0,65821.36703,65821.36703,0,0,0,0,0,0,65821.36703,0,0,7
379,1,78,12,1,0,0,5,5,10400,2400,0,73314.87651,0,-1782.240092,0,0,75542.67662,0,0,73314.87651,1,0,9
380,2,52,9,2,0,1,2,2,4200,1200,0,124756.8064,124959.3337,0,0,0,0,0,0,124756.8064,0,0,8
381,1,31,10,1,0,1,5,1,9600,2400,1200,38480.1838,38480.1838,0,0,0,0,0,0,38480.1838,1,0,8
382,1,56,6,1,0,1,5,1,4888,1560,0,17822.40092,17417.34635,0,0,0,0,516.4445721,0,58732.91212,0,0,10
383,1,28,7,1,0,1,5,1,2600,1560,1040,53669.73004,43543.36588,10126.36416,0,0,0,0,0,53669.73004,1,0,8
384,1,69,11,1,0,1,5,1,2616,5112,0,24303273.98,263893.05,22724978.86,254171.7404,2908291.786,16809.7645,0,0,24303273.98,1,0,9
385,2,44,12,2,1,1,1,5,6000,4800,10800,369612.2918,362523.8369,0,595.4302125,0,0,6561.883975,0,369612.2918,1,0,9
386,2,30,8,2,2,1,1,2,15600,1560,0,26733.60138,22278.00115,0,0,0,0,4374.589317,0,26733.60138,0,0,6
387,1,46,12,2,2,1,1,1,7200,1800,0,85061.45893,83036.1861,12151.63699,0,-10126.36416,0,0,0,85061.45893,1,0,7
388,2,25,8,2,3,1,1,3,3600,2400,0,20252.72832,19442.61918,0,0,0,0,1454.145893,0,20252.72832,0,0,7
389,1,67,9,1,0,1,5,1,9600,6000,0,569506.7203,260855.1407,232501.3211,52009.00632,3037.909248,20860.31017,571.1269385,0,759477.3119,1,0,10
390,1,35,8,1,1,1,4,1,9600,1200,600,54682.36646,54682.36646,0,0,0,0,0,0,68454.22171,1,0,10
391,1,73,9,1,0,0,5,1,6000,600,0,44150.94773,12151.63699,0,0,0,31796.78346,0,1000,31391.72889,0,0,10
392,1,47,12,1,1,1,4,1,7800,1040,0,82428.60425,81010.91327,0,1113.900057,0,0,0,0,82428.60425,1,0,7
393,2,76,12,2,1,1,1,2,2392,1092,0,31796.78346,0,1518.954624,0,0,29366.45606,0,0,31796.78346,1,0,8
394,1,75,12,1,0,0,5,1,6240,5200,0,114093.745,0,0,92002.06893,-1.012636416,34500.52269,0,70,114093.745,0,0,10
395,1,65,9,1,0,0,5,1,6000,1200,1800,156148.5353,0,55695.00287,405.0545663,3037.909248,0,97213.09592,0,172148.1907,0,0,8
396,1,59,13,2,0,1,3,1,6000,4800,1800,59745.54854,5063.182079,0,0,0,4050.545663,50631.82079,4000,59745.54854,0,0,6
397,1,42,8,2,2,1,1,2,2400,1200,0,48606.54796,48606.54796,0,0,0,0,0,0,48606.54796,0,0,4
398,1,73,8,2,1,0,1,1,3848,520,0,21872.94658,0,0,0,0,21670.4193,0,0,21872.94658,1,0,8
399,1,25,8,1,1,1,4,1,7800,960,600,60758.18495,60758.18495,0,0,0,0,0,0,60758.18495,0.2,0,10
400,2,43,4,2,3,1,1,3,5200,5200,0,35847.32912,24303.27398,0,0,0,0,11139.00057,0,35847.32912,0,0,1
401,1,56,4,2,0,1,3,3,3120,1560,1560,18227.45549,18227.45549,0,0,0,0,0,0,18227.45549,0,0,10
402,1,30,12,1,2,1,4,1,6000,4800,0,153110.6261,139743.8254,12151.63699,1316.427341,0,0,0,0,139743.8254,1,0,9
403,1,31,12,1,1,1,4,1,5200,5184,0,289614.0149,0,287588.7421,1761.987364,0,0,0,0,289614.0149,1,0,7
404,1,20,9,2,0,1,2,1,1300,960,0,9113.727743,9113.727743,0,0,0,0,0,0,9113.727743,1,0,6
405,2,70,13,2,0,0,3,1,4800,600,600,528596.2091,0,351384.8363,27088.02412,8465.640436,28353.81964,0,0,1518954.624,1,0,8
406,1,76,12,1,0,1,5,1,5200,7800,0,9883.331419,22075.47387,11544.05514,28657.61057,-3037.909248,55451.97013,-9.113727743,9760,9883.331419,1,0,8
407,2,66,11,2,0,0,3,1,1144,600,0,12151.63699,0,0,0,0,9032.71683,0,0,12151.63699,0,0,10
408,1,72,13,2,0,0,3,1,1560,1560,0,35037.21999,0,0,4536.611143,0,31391.72889,0,9400,35037.21999,1,0,10
409,2,41,14,2,0,1,2,1,5280,1560,0,66834.00345,60758.18495,0,0,0,6075.818495,0,0,66834.00345,1,0,1
410,1,68,12,1,0,0,5,1,2712,1560,0,47593.91155,8708.673176,0,0,0,39087.76565,0,0,47593.91155,1,0,5
411,1,69,10,1,0,0,5,2,2400,600,0,97415.62321,90732.22286,0,0,0,6683.400345,0,0,97415.62321,0,0,9
412,1,46,12,1,3,1,4,1,6000,3600,0,260247.5589,253159.104,0,0,0,7088.454911,0,7000,260247.5589,0,0,7
413,1,64,14,1,0,1,5,1,12720,4800,960,524140.6088,1174.658242,355637.9092,151.8954624,20921.06835,64808.73061,3017.656519,0,524140.6088,1,0,10
414,2,64,8,2,0,0,3,1,1200,192,0,13366.80069,0,0,0,0,8911.20046,6703.653073,0,13366.80069,0,0,10
415,1,71,10,1,1,1,4,1,5200,2600,0,60758.18495,38480.1838,0,0,0,22278.00115,0,0,60758.18495,1,0,10
416,1,41,14,1,4,1,4,1,9600,240,600,102276.278,102276.278,0,0,0,0,0,0,102276.278,1,0,5
417,2,41,12,2,0,1,2,2,1800,3600,0,34227.11086,0,30986.67433,0,0,0,0,0,34227.11086,1,0,7
418,2,35,10,2,0,1,2,2,1200,600,0,9316.255026,8101.091327,0,0,0,0,1215.163699,0,30379.09248,0,0,10
419,1,69,14,1,0,1,5,1,5304,2904,0,8886897.186,171540.6088,6232169.558,559177.8288,1079470.419,74124.98564,177211.3728,0,2140713.383,1,0,7
420,2,34,10,2,3,0,1,1,4632,0,0,14987.01895,0,0,0,0,0,15068.02987,0,14987.01895,0,0,5
421,1,65,12,2,0,1,3,1,5200,3600,0,86074.09535,65821.36703,0,0,0,20252.72832,0,20000,86074.09535,0,0,10
422,1,69,8,1,0,0,5,1,3144,936,0,298525.2154,12151.63699,0,10.12636416,260855.1407,34024.58357,0,0,33417.00172,0,0,10
423,1,60,9,1,0,1,5,1,6000,6000,0,36252.38369,30379.09248,8607.409535,8.101091327,-3037.909248,0,0,0,202527.2832,1,0,5
424,1,36,8,1,2,1,4,1,6000,3600,0,109364.7329,52859.62091,45163.58415,0,0,0,10835.20965,0,109364.7329,1,0,6
425,1,34,13,1,1,1,4,2,4800,2400,0,116453.1878,116453.1878,0,0,0,0,0,0,116453.1878,1,0,8
426,1,51,13,1,2,1,4,1,5400,960,0,73314.87651,40505.45663,31189.20161,550.8742102,230.8811028,0,0,0,101263.6416,1,0,9
427,1,49,11,1,2,1,4,1,15600,2400,0,60758.18495,60758.18495,0,0,0,0,0,0,101263.6416,0,0,9
428,1,58,6,1,0,1,5,1,6000,240,0,15999.65537,0,1215.163699,0,0,1215.163699,13569.32797,0,60758.18495,0,1,10
429,1,54,9,1,0,1,5,1,8400,2400,0,175186.0999,52657.09362,96200.45951,0,0,26328.54681,0,0,175186.0999,1,0,5
430,1,72,13,1,0,0,5,1,6720,6000,0,56606.37565,15189.54624,0,0,0,41619.35669,0,9900,89010.74095,1,0,8
431,2,59,12,2,1,0,1,2,3600,0,0,17214.81907,8101.091327,0,0,0,0,9113.727743,0,25315.9104,0,0,10
432,1,39,8,2,0,1,2,1,6240,7800,0,52657.09362,52657.09362,0,0,0,0,0,0,65821.36703,1,0,5
433,1,27,8,1,4,1,4,2,9312,480,0,43340.8386,25315.9104,0,0,0,0,15999.65537,0,43340.8386,0,0,8
434,1,40,8,1,2,1,4,1,5640,0,0,83846.29523,68454.22171,0,0,0,24708.32855,0,0,83846.29523,1,0,10
435,1,53,14,1,2,1,4,1,18200,28600,0,6750234.348,0,6582136.703,167085.0086,0,0,0,0,6750234.348,1,0,9
436,1,40,11,1,1,1,4,1,6000,1200,0,32606.89259,28961.40149,0,0,0,0,3442.963814,0,40505.45663,0,0,7
437,2,19,9,2,0,1,2,3,1040,2600,0,4232.820218,2025.272832,101.2636416,0,0,0,2612.601953,0,8101.091327,0,0,6
438,1,38,12,1,0,1,5,1,4800,240,0,34632.16542,32404.36531,0,0,0,0,2430.327398,0,34632.16542,0,0,8
439,1,25,13,1,1,1,4,1,2400,360,0,44150.94773,40505.45663,0,0,0,0,3848.01838,0,44150.94773,1,0,5
440,2,63,2,2,0,1,3,1,2760,840,0,62783.45778,25315.9104,0,0,0,40505.45663,0,0,62783.45778,0,0,8
441,1,43,12,2,0,1,2,1,3600,0,0,40505.45663,40505.45663,0,0,0,0,0,0,40505.45663,0,0,5
442,1,60,12,1,0,1,5,1,10296,5832,0,684967.5244,0,-1.012636416,968890.5227,-2977.151063,7108.707639,0,7020,684967.5244,1,0,7
443,2,21,9,2,0,1,2,1,600,0,4800,18024.9282,17619.87364,0,0,0,0,0,0,18024.9282,0,0,6
444,1,44,12,1,3,1,4,1,7200,3600,0,1017902.125,300550.4882,442927.1683,22480.52843,58530.38484,0,0,0,1017902.125,1,0,7
445,2,41,8,2,2,1,1,2,5200,240,0,41518.09305,35442.27456,0,0,0,0,6075.818495,0,41518.09305,1,0,7
446,1,47,13,1,2,1,4,5,9600,2080,0,172148.1907,172148.1907,0,0,0,0,0,0,202527.2832,0,0,8
447,1,64,11,1,0,1,5,1,6000,3600,0,196451.4647,64403.67605,1.012636416,2533.616312,567.0763929,128604.8248,0,0,196451.4647,1,0,9
448,1,41,12,1,2,1,4,1,4800,2400,0,141769.0982,141161.5164,12.15163699,0,0,0,540.7478461,0,141769.0982,1,0,7
449,1,68,8,1,0,1,5,1,5720,520,0,25315.9104,6865.674899,0,417.2062033,0,14581.96439,0,0,25315.9104,0,0,10
450,2,33,8,2,2,1,1,3,4200,1200,0,42530.72947,42530.72947,0,0,0,0,0,0,42530.72947,0,0,7
451,1,43,13,1,4,1,4,3,14400,2400,0,130630.0977,126579.552,0,101.2636416,0,0,3827.765652,0,130630.0977,0,0,10
452,1,63,13,1,0,1,5,1,7800,5200,0,297310.0517,192400.919,43745.89317,0,0,60758.18495,0,60000,297310.0517,1,0,5
453,1,47,14,1,2,1,4,1,14400,6000,0,205160.1379,69466.85813,152097.9897,101.2636416,0,0,0,0,205160.1379,1,0,7
454,2,59,12,2,0,0,3,1,1200,8400,1200,46176.22056,0,0,1093.647329,0,23088.11028,21062.83745,0,73922.45836,0,0,8
455,1,42,9,1,2,1,4,1,7200,2600,0,92149.91384,91137.27743,1012.636416,0,0,0,0,0,92149.91384,1,0,8
456,1,71,8,1,0,0,5,1,2600,1040,0,31189.20161,0,9113.727743,0,0,21467.89202,0,0,31189.20161,0,0,8
457,1,48,13,1,2,1,4,1,18200,11752,0,322625.9621,202527.2832,-92149.91385,128604.8248,-3037.909248,0,0,0,322625.9621,0,0,7
458,2,61,1,2,0,0,3,5,2400,0,0,14176.90982,0,0,0,0,0,14581.96439,0,37872.60195,0,0,-1
459,1,74,9,2,0,1,3,1,5200,3744,0,472394.888,222780.0115,209615.7381,9113.727743,0,30885.41068,0,4500,472394.888,1,0,6
460,1,63,14,1,1,0,4,1,12920,17040,0,7147187.823,1857175.187,4907236.071,313.9172889,0,37265.0201,0,0,7649455.485,1,0,10
461,1,36,14,1,1,1,4,1,10400,3000,0,192400.919,141769.0982,45568.63871,5063.182079,0,0,0,0,192400.919,1,0,8
462,1,73,13,1,0,0,5,1,5200,2600,0,99238.36875,0,0,5063.182079,-13164.27341,107339.4601,0,5000,107339.4601,0,0,10
463,1,26,4,1,2,1,4,3,5200,2080,0,30379.09248,30379.09248,0,0,0,0,0,0,45568.63871,0,0,5
464,1,70,9,2,0,0,3,2,6000,168,0,30986.67433,10126.36416,12819.97702,0,0,0,24748.834,0,50631.82079,0,0,10
465,1,32,12,1,1,1,4,3,5200,416,90,101263.6416,101263.6416,0,0,0,0,0,0,101263.6416,0,0,6
466,1,44,12,2,0,1,2,1,1352,2600,0,43543.36588,22278.00115,21265.36473,0,0,0,0,0,60758.18495,0,0,10
467,1,57,11,2,0,1,3,2,5200,0,0,40505.45663,40505.45663,0,0,0,0,0,0,45568.63871,0,0.4,10
468,1,84,13,1,0,0,5,1,7800,1560,0,99238.36875,0,20252.72832,22278.00115,0,49821.71166,0,1200,99238.36875,0,0,5
469,1,61,8,1,1,0,4,2,6000,936,0,66226.4216,65821.36703,0,0,0,0,303.7909248,0,66226.4216,0,1,10
470,1,37,12,1,3,1,4,1,13000,5200,0,828336.5882,192400.919,635935.6692,153.9207352,0,0,0,0,828336.5882,1,0,9
471,1,25,8,1,0,1,5,1,1800,960,0,38480.1838,38480.1838,0,0,0,0,0,0,38480.1838,0,0,5
472,2,45,14,2,0,1,2,1,1800,600,0,141769.0982,141769.0982,0,0,0,0,0,0,141769.0982,1,0,8
473,1,68,8,1,0,0,5,1,3000,9600,0,35847.32912,0,101.2636416,0,0,35847.32912,0,2400,35847.32912,1,0,8
474,1,75,13,1,0,1,5,1,2912,29000,0,27825020.91,80200.80414,-1012636.416,4182188.397,23776703.04,143389.3165,72099.71281,85800,15663257.55,1,0,9
475,1,64,12,1,0,1,5,2,11960,2600,0,213463.7565,136098.3343,46581.27513,0,0,30379.09248,0,0,192400.919,1,0,8
476,2,51,9,2,1,0,1,3,5400,240,0,28353.81964,0,0,0,0,19037.56462,8878.796094,0,28353.81964,1,0,10
477,1,39,12,1,1,1,4,1,7800,4200,0,78378.05859,64808.73062,13569.32797,0,0,0,0,0,88099.36818,0,0,9
478,1,33,1,2,0,1,2,3,7800,0,864,40505.45663,40505.45663,0,0,0,0,0,0,40505.45663,1,0,7
479,1,68,7,1,0,1,5,1,8400,1200,0,93162.55026,92149.91384,-18228.46812,0,0,19240.0919,0,0,93162.55026,0,0,8
480,1,35,12,2,0,1,2,1,2400,1040,0,7088.454911,7088.454911,0,0,0,0,0,0,18227.45549,1,0,6
481,1,70,14,1,0,1,5,1,5400,12000,0,555937.3923,506318.2079,0,1012.636416,0,48606.54796,0,0,555937.3923,0,0,9
482,2,55,13,2,0,1,3,5,3600,240,0,31999.31074,32201.83802,0,10.12636416,0,0,0,0,31999.31074,0,0,6
483,2,77,8,2,0,0,3,1,2080,0,0,30379.09248,0,0,0,0,25720.96496,4860.654796,6000,25720.96496,0,0,10
484,1,54,10,2,0,1,2,1,960,720,0,13164.27341,1822.745549,0,0,0,9883.331419,0,0,25315.9104,0,0,5
485,1,29,12,1,0,1,5,1,4800,1800,0,77770.47674,76960.36761,0,0,0,0,384.801838,0,77770.47674,1,0,4
486,1,70,8,1,1,1,4,3,4800,792,0,56707.63929,16607.23722,35442.27455,0,0,9113.727743,0,0,71492.13096,0,0,8
487,1,45,12,1,1,1,4,1.8,7200,4800,0,164654.6812,144199.4256,0,0,0,20252.72832,0,20000,218121.884,1,0,5
488,1,59,13,1,0,1,5,1,7800,5200,0,1565535.899,295284.7789,701959.5635,28495.58874,25315.9104,0,0,0,1565535.899,1,0,8
489,1,56,9,1,0,1,5,1,3600,1200,0,82023.54968,17214.81907,64808.73062,0,0,0,0,0,82023.54968,1,0,9
490,2,83,12,2,0,0,3,1,1200,1200,0,171743.1361,0,9883.331419,15037.65078,2470.832855,105516.7145,0,44000,171743.1361,1,0,8
491,1,76,12,1,0,0,5,1,5720,1200,0,141161.5164,0,0,15189.54624,0,125971.9701,0,24400,141161.5164,0,0,7
492,1,25,8,1,0,1,5,1,2400,1200,0,106934.4055,106124.2964,0,0,0,0,876.9431361,0,106934.4055,0,0,7
493,2,39,9,2,1,1,1,1,3600,240,0,12961.74612,0,0,0,0,0,12657.9552,0,12961.74612,0,0,10
494,1,70,12,1,0,1,5,1,4800,2400,0,187540.2642,116453.1878,8911.20046,506.3182079,0,61770.82137,0,0,187540.2642,1,0,6
495,1,25,9,2,0,1,2,3,2400,600,0,35442.27456,35442.27456,0,0,0,0,0,0,35442.27456,0,0,8
496,1,60,9,2,0,1,3,1,3744,2600,0,28151.29236,0,13063.00976,0,0,1437.943711,0,0,28151.29236,1,0,9
497,1,77,12,1,0,0,5,1,3600,1800,0,105921.7691,0,0,7825.654222,10855.46238,91744.85928,0,14600,105921.7691,0,0,10
498,2,59,8,2,0,0,3,3,1800,600,0,6075.818495,3827.765652,0,0,0,0,3685.996554,0,14987.01895,0,0,5
499,1,47,10,2,0,1,2,1,3600,960,0,30379.09248,30379.09248,0,0,0,0,0,0,44556.0023,0,0,8
500,1,29,8,2,0,1,2,2,9048,1560,0,31391.72889,31391.72889,0,0,0,0,0,0,31391.72889,1,0,10
,,,,,,,,,,,,,,,,,,,,,,,
,,,,,,,,,,,,,,,,,,,,,,,
,,,,,,,,,,,,,,,,,,,,,,,
,,,,,,,,,,,,,,,,,,,,,,,
,,,,,,,,,,,,,,,,,,,,,,,
,,,,,,,,,,,,,,,,,,,,,,,
,,,,,,,,,,,,,,,,,,,,,,,
,,,,,,,,,,,,,,,,,,,,,,,
,,,,,,,,,,,,,,,,,,,,,,,
,,,,,,,,,,,,,,,,,,,,,,,
,,,,,,,,,,,,,,,,,,,,,,,
,,,,,,,,,,,,,,,,,,,,,,,
,,,,,,,,,,,,,,,,,,,,,,,
,,,,,,,,,,,,,,,,,,,,,,,
,,,,,,,,,,,,,,,,,,,,,,,
,,,,,,,,,,,,,,,,,,,,,,,
,,,,,,,,,,,,,,,,,,,,,,,
,,,,,,,,,,,,,,,,,,,,,,,
,,,,,,,,,,,,,,,,,,,,,,,
,,,,,,,,,,,,,,,,,,,,,,,
,,,,,,,,,,,,,,,,,,,,,,,
,,,,,,,,,,,,,,,,,,,,,,,
,,,,,,,,,,,,,,,,,,,,,,,
,,,,,,,,,,,,,,,,,,,,,,,
,,,,,,,,,,,,,,,,,,,,,,,
,,,,,,,,,,,,,,,,,,,,,,,
,,,,,,,,,,,,,,,,,,,,,,,
,,,,,,,,,,,,,,,,,,,,,,,
,,,,,,,,,,,,,,,,,,,,,,,
,,,,,,,,,,,,,,,,,,,,,,,
,,,,,,,,,,,,,,,,,,,,,,,
,,,,,,,,,,,,,,,,,,,,,,,
,,,,,,,,,,,,,,,,,,,,,,,
,,,,,,,,,,,,,,,,,,,,,,,
,,,,,,,,,,,,,,,,,,,,,,,
,,,,,,,,,,,,,,,,,,,,,,,
,,,,,,,,,,,,,,,,,,,,,,,
,,,,,,,,,,,,,,,,,,,,,,,
,,,,,,,,,,,,,,,,,,,,,,,
,,,,,,,,,,,,,,,,,,,,,,,
,,,,,,,,,,,,,,,,,,,,,,,
,,,,,,,,,,,,,,,,,,,,,,,
,,,,,,,,,,,,,,,,,,,,,,,
,,,,,,,,,,,,,,,,,,,,,,,
,,,,,,,,,,,,,,,,,,,,,,,
,,,,,,,,,,,,,,,,,,,,,,,
,,,,,,,,,,,,,,,,,,,,,,,
,,,,,,,,,,,,,,,,,,,,,,,
,,,,,,,,,,,,,,,,,,,,,,,
,,,,,,,,,,,,,,,,,,,,,,,
,,,,,,,,,,,,,,,,,,,,,,,
,,,,,,,,,,,,,,,,,,,,,,,
,,,,,,,,,,,,,,,,,,,,,,,
,,,,,,,,,,,,,,,,,,,,,,,
,,,,,,,,,,,,,,,,,,,,,,,
,,,,,,,,,,,,,,,,,,,,,,,
,,,,,,,,,,,,,,,,,,,,,,,
,,,,,,,,,,,,,,,,,,,,,,,
,,,,,,,,,,,,,,,,,,,,,,,
,,,,,,,,,,,,,,,,,,,,,,,
,,,,,,,,,,,,,,,,,,,,,,,
,,,,,,,,,,,,,,,,,,,,,,,
,,,,,,,,,,,,,,,,,,,,,,,
,,,,,,,,,,,,,,,,,,,,,,,
,,,,,,,,,,,,,,,,,,,,,,,
,,,,,,,,,,,,,,,,,,,,,,,
,,,,,,,,,,,,,,,,,,,,,,,
,,,,,,,,,,,,,,,,,,,,,,,
,,,,,,,,,,,,,,,,,,,,,,,
,,,,,,,,,,,,,,,,,,,,,,,
,,,,,,,,,,,,,,,,,,,,,,,
,,,,,,,,,,,,,,,,,,,,,,,
,,,,,,,,,,,,,,,,,,,,,,,
,,,,,,,,,,,,,,,,,,,,,,,
,,,,,,,,,,,,,,,,,,,,,,,
,,,,,,,,,,,,,,,,,,,,,,,
,,,,,,,,,,,,,,,,,,,,,,,
,,,,,,,,,,,,,,,,,,,,,,,
,,,,,,,,,,,,,,,,,,,,,,,
,,,,,,,,,,,,,,,,,,,,,,,
,,,,,,,,,,,,,,,,,,,,,,,
,,,,,,,,,,,,,,,,,,,,,,,
,,,,,,,,,,,,,,,,,,,,,,,
,,,,,,,,,,,,,,,,,,,,,,,
,,,,,,,,,,,,,,,,,,,,,,,
,,,,,,,,,,,,,,,,,,,,,,,
,,,,,,,,,,,,,,,,,,,,,,,
,,,,,,,,,,,,,,,,,,,,,,,
,,,,,,,,,,,,,,,,,,,,,,,
,,,,,,,,,,,,,,,,,,,,,,,
,,,,,,,,,,,,,,,,,,,,,,,
,,,,,,,,,,,,,,,,,,,,,,,
,,,,,,,,,,,,,,,,,,,,,,,
,,,,,,,,,,,,,,,,,,,,,,,
,,,,,,,,,,,,,,,,,,,,,,,
,,,,,,,,,,,,,,,,,,,,,,,
,,,,,,,,,,,,,,,,,,,,,,,
,,,,,,,,,,,,,,,,,,,,,,,
,,,,,,,,,,,,,,,,,,,,,,,
,,,,,,,,,,,,,,,,,,,,,,,
,,,,,,,,,,,,,,,,,,,,,,,
,,,,,,,,,,,,,,,,,,,,,,,
,,,,,,,,,,,,,,,,,,,,,,,
,,,,,,,,,,,,,,,,,,,,,,,
,,,,,,,,,,,,,,,,,,,,,,,
,,,,,,,,,,,,,,,,,,,,,,,
,,,,,,,,,,,,,,,,,,,,,,,
,,,,,,,,,,,,,,,,,,,,,,,
,,,,,,,,,,,,,,,,,,,,,,,
,,,,,,,,,,,,,,,,,,,,,,,
,,,,,,,,,,,,,,,,,,,,,,,
,,,,,,,,,,,,,,,,,,,,,,,
,,,,,,,,,,,,,,,,,,,,,,,
,,,,,,,,,,,,,,,,,,,,,,,
,,,,,,,,,,,,,,,,,,,,,,,
,,,,,,,,,,,,,,,,,,,,,,,
,,,,,,,,,,,,,,,,,,,,,,,
,,,,,,,,,,,,,,,,,,,,,,,
,,,,,,,,,,,,,,,,,,,,,,,
,,,,,,,,,,,,,,,,,,,,,,,
,,,,,,,,,,,,,,,,,,,,,,,
,,,,,,,,,,,,,,,,,,,,,,,
,,,,,,,,,,,,,,,,,,,,,,,
,,,,,,,,,,,,,,,,,,,,,,,
,,,,,,,,,,,,,,,,,,,,,,,
,,,,,,,,,,,,,,,,,,,,,,,
,,,,,,,,,,,,,,,,,,,,,,,
,,,,,,,,,,,,,,,,,,,,,,,
,,,,,,,,,,,,,,,,,,,,,,,
,,,,,,,,,,,,,,,,,,,,,,,
,,,,,,,,,,,,,,,,,,,,,,,
,,,,,,,,,,,,,,,,,,,,,,,
,,,,,,,,,,,,,,,,,,,,,,,
,,,,,,,,,,,,,,,,,,,,,,,
,,,,,,,,,,,,,,,,,,,,,,,
,,,,,,,,,,,,,,,,,,,,,,,
,,,,,,,,,,,,,,,,,,,,,,,
,,,,,,,,,,,,,,,,,,,,,,,
,,,,,,,,,,,,,,,,,,,,,,,
,,,,,,,,,,,,,,,,,,,,,,,
,,,,,,,,,,,,,,,,,,,,,,,
,,,,,,,,,,,,,,,,,,,,,,,
,,,,,,,,,,,,,,,,,,,,,,,
,,,,,,,,,,,,,,,,,,,,,,,
,,,,,,,,,,,,,,,,,,,,,,,
,,,,,,,,,,,,,,,,,,,,,,,
,,,,,,,,,,,,,,,,,,,,,,,
,,,,,,,,,,,,,,,,,,,,,,,
,,,,,,,,,,,,,,,,,,,,,,,
,,,,,,,,,,,,,,,,,,,,,,,
,,,,,,,,,,,,,,,,,,,,,,,
,,,,,,,,,,,,,,,,,,,,,,,
,,,,,,,,,,,,,,,,,,,,,,,
,,,,,,,,,,,,,,,,,,,,,,,
,,,,,,,,,,,,,,,,,,,,,,,
,,,,,,,,,,,,,,,,,,,,,,,
,,,,,,,,,,,,,,,,,,,,,,,
,,,,,,,,,,,,,,,,,,,,,,,
,,,,,,,,,,,,,,,,,,,,,,,
,,,,,,,,,,,,,,,,,,,,,,,
,,,,,,,,,,,,,,,,,,,,,,,
,,,,,,,,,,,,,,,,,,,,,,,
,,,,,,,,,,,,,,,,,,,,,,,
,,,,,,,,,,,,,,,,,,,,,,,
,,,,,,,,,,,,,,,,,,,,,,,
,,,,,,,,,,,,,,,,,,,,,,,
,,,,,,,,,,,,,,,,,,,,,,,
,,,,,,,,,,,,,,,,,,,,,,,
,,,,,,,,,,,,,,,,,,,,,,,
,,,,,,,,,,,,,,,,,,,,,,,
,,,,,,,,,,,,,,,,,,,,,,,
,,,,,,,,,,,,,,,,,,,,,,,
,,,,,,,,,,,,,,,,,,,,,,,
,,,,,,,,,,,,,,,,,,,,,,,
,,,,,,,,,,,,,,,,,,,,,,,
,,,,,,,,,,,,,,,,,,,,,,,
,,,,,,,,,,,,,,,,,,,,,,,
,,,,,,,,,,,,,,,,,,,,,,,
,,,,,,,,,,,,,,,,,,,,,,,
,,,,,,,,,,,,,,,,,,,,,,,
,,,,,,,,,,,,,,,,,,,,,,,
,,,,,,,,,,,,,,,,,,,,,,,
,,,,,,,,,,,,,,,,,,,,,,,
,,,,,,,,,,,,,,,,,,,,,,,
,,,,,,,,,,,,,,,,,,,,,,,
,,,,,,,,,,,,,,,,,,,,,,,
,,,,,,,,,,,,,,,,,,,,,,,
,,,,,,,,,,,,,,,,,,,,,,,
,,,,,,,,,,,,,,,,,,,,,,,
,,,,,,,,,,,,,,,,,,,,,,,
,,,,,,,,,,,,,,,,,,,,,,,
,,,,,,,,,,,,,,,,,,,,,,,
,,,,,,,,,,,,,,,,,,,,,,,
,,,,,,,,,,,,,,,,,,,,,,,
,,,,,,,,,,,,,,,,,,,,,,,
,,,,,,,,,,,,,,,,,,,,,,,
,,,,,,,,,,,,,,,,,,,,,,,
,,,,,,,,,,,,,,,,,,,,,,,
,,,,,,,,,,,,,,,,,,,,,,,
,,,,,,,,,,,,,,,,,,,,,,,
,,,,,,,,,,,,,,,,,,,,,,,
,,,,,,,,,,,,,,,,,,,,,,,
,,,,,,,,,,,,,,,,,,,,,,,
,,,,,,,,,,,,,,,,,,,,,,,
,,,,,,,,,,,,,,,,,,,,,,,
,,,,,,,,,,,,,,,,,,,,,,,
,,,,,,,,,,,,,,,,,,,,,,,
,,,,,,,,,,,,,,,,,,,,,,,
,,,,,,,,,,,,,,,,,,,,,,,
,,,,,,,,,,,,,,,,,,,,,,,
,,,,,,,,,,,,,,,,,,,,,,,
,,,,,,,,,,,,,,,,,,,,,,,
,,,,,,,,,,,,,,,,,,,,,,,
,,,,,,,,,,,,,,,,,,,,,,,
,,,,,,,,,,,,,,,,,,,,,,,
,,,,,,,,,,,,,,,,,,,,,,,
,,,,,,,,,,,,,,,,,,,,,,,
,,,,,,,,,,,,,,,,,,,,,,,
,,,,,,,,,,,,,,,,,,,,,,,
,,,,,,,,,,,,,,,,,,,,,,,
,,,,,,,,,,,,,,,,,,,,,,,
,,,,,,,,,,,,,,,,,,,,,,,
,,,,,,,,,,,,,,,,,,,,,,,
,,,,,,,,,,,,,,,,,,,,,,,
,,,,,,,,,,,,,,,,,,,,,,,
,,,,,,,,,,,,,,,,,,,,,,,
,,,,,,,,,,,,,,,,,,,,,,,
,,,,,,,,,,,,,,,,,,,,,,,
,,,,,,,,,,,,,,,,,,,,,,,
,,,,,,,,,,,,,,,,,,,,,,,
,,,,,,,,,,,,,,,,,,,,,,,
,,,,,,,,,,,,,,,,,,,,,,,
,,,,,,,,,,,,,,,,,,,,,,,
,,,,,,,,,,,,,,,,,,,,,,,
,,,,,,,,,,,,,,,,,,,,,,,
,,,,,,,,,,,,,,,,,,,,,,,
,,,,,,,,,,,,,,,,,,,,,,,
,,,,,,,,,,,,,,,,,,,,,,,
,,,,,,,,,,,,,,,,,,,,,,,
,,,,,,,,,,,,,,,,,,,,,,,
,,,,,,,,,,,,,,,,,,,,,,,
,,,,,,,,,,,,,,,,,,,,,,,
,,,,,,,,,,,,,,,,,,,,,,,
,,,,,,,,,,,,,,,,,,,,,,,
,,,,,,,,,,,,,,,,,,,,,,,
,,,,,,,,,,,,,,,,,,,,,,,
,,,,,,,,,,,,,,,,,,,,,,,
,,,,,,,,,,,,,,,,,,,,,,,
,,,,,,,,,,,,,,,,,,,,,,,
,,,,,,,,,,,,,,,,,,,,,,,
,,,,,,,,,,,,,,,,,,,,,,,
,,,,,,,,,,,,,,,,,,,,,,,
,,,,,,,,,,,,,,,,,,,,,,,
,,,,,,,,,,,,,,,,,,,,,,,
,,,,,,,,,,,,,,,,,,,,,,,
,,,,,,,,,,,,,,,,,,,,,,,
,,,,,,,,,,,,,,,,,,,,,,,
,,,,,,,,,,,,,,,,,,,,,,,
,,,,,,,,,,,,,,,,,,,,,,,
,,,,,,,,,,,,,,,,,,,,,,,
,,,,,,,,,,,,,,,,,,,,,,,
,,,,,,,,,,,,,,,,,,,,,,,
,,,,,,,,,,,,,,,,,,,,,,,
,,,,,,,,,,,,,,,,,,,,,,,
,,,,,,,,,,,,,,,,,,,,,,,
,,,,,,,,,,,,,,,,,,,,,,,
,,,,,,,,,,,,,,,,,,,,,,,
,,,,,,,,,,,,,,,,,,,,,,,
,,,,,,,,,,,,,,,,,,,,,,,
,,,,,,,,,,,,,,,,,,,,,,,
,,,,,,,,,,,,,,,,,,,,,,,
,,,,,,,,,,,,,,,,,,,,,,,
,,,,,,,,,,,,,,,,,,,,,,,
,,,,,,,,,,,,,,,,,,,,,,,
,,,,,,,,,,,,,,,,,,,,,,,
,,,,,,,,,,,,,,,,,,,,,,,
,,,,,,,,,,,,,,,,,,,,,,,
,,,,,,,,,,,,,,,,,,,,,,,
,,,,,,,,,,,,,,,,,,,,,,,
,,,,,,,,,,,,,,,,,,,,,,,
,,,,,,,,,,,,,,,,,,,,,,,
,,,,,,,,,,,,,,,,,,,,,,,
,,,,,,,,,,,,,,,,,,,,,,,
,,,,,,,,,,,,,,,,,,,,,,,
,,,,,,,,,,,,,,,,,,,,,,,
,,,,,,,,,,,,,,,,,,,,,,,
,,,,,,,,,,,,,,,,,,,,,,,
,,,,,,,,,,,,,,,,,,,,,,,
,,,,,,,,,,,,,,,,,,,,,,,
,,,,,,,,,,,,,,,,,,,,,,,
,,,,,,,,,,,,,,,,,,,,,,,
,,,,,,,,,,,,,,,,,,,,,,,
,,,,,,,,,,,,,,,,,,,,,,,
,,,,,,,,,,,,,,,,,,,,,,,
,,,,,,,,,,,,,,,,,,,,,,,
,,,,,,,,,,,,,,,,,,,,,,,
,,,,,,,,,,,,,,,,,,,,,,,
,,,,,,,,,,,,,,,,,,,,,,,
,,,,,,,,,,,,,,,,,,,,,,,
,,,,,,,,,,,,,,,,,,,,,,,
,,,,,,,,,,,,,,,,,,,,,,,
,,,,,,,,,,,,,,,,,,,,,,,
,,,,,,,,,,,,,,,,,,,,,,,
,,,,,,,,,,,,,,,,,,,,,,,
,,,,,,,,,,,,,,,,,,,,,,,
,,,,,,,,,,,,,,,,,,,,,,,
,,,,,,,,,,,,,,,,,,,,,,,
,,,,,,,,,,,,,,,,,,,,,,,
,,,,,,,,,,,,,,,,,,,,,,,
,,,,,,,,,,,,,,,,,,,,,,,
,,,,,,,,,,,,,,,,,,,,,,,
,,,,,,,,,,,,,,,,,,,,,,,
,,,,,,,,,,,,,,,,,,,,,,,
,,,,,,,,,,,,,,,,,,,,,,,
,,,,,,,,,,,,,,,,,,,,,,,
,,,,,,,,,,,,,,,,,,,,,,,
,,,,,,,,,,,,,,,,,,,,,,,
,,,,,,,,,,,,,,,,,,,,,,,
,,,,,,,,,,,,,,,,,,,,,,,
,,,,,,,,,,,,,,,,,,,,,,,
,,,,,,,,,,,,,,,,,,,,,,,
,,,,,,,,,,,,,,,,,,,,,,,
,,,,,,,,,,,,,,,,,,,,,,,
,,,,,,,,,,,,,,,,,,,,,,,
,,,,,,,,,,,,,,,,,,,,,,,
,,,,,,,,,,,,,,,,,,,,,,,
,,,,,,,,,,,,,,,,,,,,,,,
,,,,,,,,,,,,,,,,,,,,,,,
,,,,,,,,,,,,,,,,,,,,,,,
,,,,,,,,,,,,,,,,,,,,,,,
,,,,,,,,,,,,,,,,,,,,,,,
,,,,,,,,,,,,,,,,,,,,,,,
,,,,,,,,,,,,,,,,,,,,,,,
,,,,,,,,,,,,,,,,,,,,,,,
,,,,,,,,,,,,,,,,,,,,,,,
,,,,,,,,,,,,,,,,,,,,,,,
,,,,,,,,,,,,,,,,,,,,,,,
,,,,,,,,,,,,,,,,,,,,,,,
,,,,,,,,,,,,,,,,,,,,,,,
,,,,,,,,,,,,,,,,,,,,,,,
,,,,,,,,,,,,,,,,,,,,,,,
,,,,,,,,,,,,,,,,,,,,,,,
,,,,,,,,,,,,,,,,,,,,,,,
,,,,,,,,,,,,,,,,,,,,,,,
,,,,,,,,,,,,,,,,,,,,,,,
,,,,,,,,,,,,,,,,,,,,,,,
,,,,,,,,,,,,,,,,,,,,,,,
,,,,,,,,,,,,,,,,,,,,,,,
,,,,,,,,,,,,,,,,,,,,,,,
,,,,,,,,,,,,,,,,,,,,,,,
,,,,,,,,,,,,,,,,,,,,,,,
,,,,,,,,,,,,,,,,,,,,,,,
,,,,,,,,,,,,,,,,,,,,,,,
,,,,,,,,,,,,,,,,,,,,,,,
,,,,,,,,,,,,,,,,,,,,,,,
,,,,,,,,,,,,,,,,,,,,,,,
,,,,,,,,,,,,,,,,,,,,,,,
,,,,,,,,,,,,,,,,,,,,,,,
,,,,,,,,,,,,,,,,,,,,,,,
,,,,,,,,,,,,,,,,,,,,,,,
,,,,,,,,,,,,,,,,,,,,,,,
,,,,,,,,,,,,,,,,,,,,,,,
,,,,,,,,,,,,,,,,,,,,,,,
,,,,,,,,,,,,,,,,,,,,,,,
,,,,,,,,,,,,,,,,,,,,,,,
,,,,,,,,,,,,,,,,,,,,,,,
,,,,,,,,,,,,,,,,,,,,,,,
,,,,,,,,,,,,,,,,,,,,,,,
,,,,,,,,,,,,,,,,,,,,,,,
,,,,,,,,,,,,,,,,,,,,,,,
,,,,,,,,,,,,,,,,,,,,,,,
,,,,,,,,,,,,,,,,,,,,,,,
,,,,,,,,,,,,,,,,,,,,,,,
,,,,,,,,,,,,,,,,,,,,,,,
,,,,,,,,,,,,,,,,,,,,,,,
,,,,,,,,,,,,,,,,,,,,,,,
,,,,,,,,,,,,,,,,,,,,,,,
,,,,,,,,,,,,,,,,,,,,,,,
,,,,,,,,,,,,,,,,,,,,,,,
,,,,,,,,,,,,,,,,,,,,,,,
,,,,,,,,,,,,,,,,,,,,,,,
,,,,,,,,,,,,,,,,,,,,,,,
,,,,,,,,,,,,,,,,,,,,,,,
,,,,,,,,,,,,,,,,,,,,,,,
,,,,,,,,,,,,,,,,,,,,,,,
,,,,,,,,,,,,,,,,,,,,,,,
,,,,,,,,,,,,,,,,,,,,,,,
,,,,,,,,,,,,,,,,,,,,,,,
,,,,,,,,,,,,,,,,,,,,,,,
,,,,,,,,,,,,,,,,,,,,,,,
,,,,,,,,,,,,,,,,,,,,,,,
,,,,,,,,,,,,,,,,,,,,,,,
,,,,,,,,,,,,,,,,,,,,,,,
,,,,,,,,,,,,,,,,,,,,,,,
,,,,,,,,,,,,,,,,,,,,,,,
,,,,,,,,,,,,,,,,,,,,,,,
,,,,,,,,,,,,,,,,,,,,,,,
,,,,,,,,,,,,,,,,,,,,,,,
,,,,,,,,,,,,,,,,,,,,,,,
,,,,,,,,,,,,,,,,,,,,,,,
,,,,,,,,,,,,,,,,,,,,,,,
,,,,,,,,,,,,,,,,,,,,,,,
,,,,,,,,,,,,,,,,,,,,,,,
,,,,,,,,,,,,,,,,,,,,,,,
,,,,,,,,,,,,,,,,,,,,,,,
,,,,,,,,,,,,,,,,,,,,,,,
,,,,,,,,,,,,,,,,,,,,,,,
,,,,,,,,,,,,,,,,,,,,,,,
,,,,,,,,,,,,,,,,,,,,,,,
,,,,,,,,,,,,,,,,,,,,,,,
,,,,,,,,,,,,,,,,,,,,,,,
,,,,,,,,,,,,,,,,,,,,,,,
,,,,,,,,,,,,,,,,,,,,,,,
,,,,,,,,,,,,,,,,,,,,,,,
,,,,,,,,,,,,,,,,,,,,,,,
,,,,,,,,,,,,,,,,,,,,,,,
,,,,,,,,,,,,,,,,,,,,,,,
,,,,,,,,,,,,,,,,,,,,,,,
,,,,,,,,,,,,,,,,,,,,,,,
,,,,,,,,,,,,,,,,,,,,,,,
,,,,,,,,,,,,,,,,,,,,,,,
,,,,,,,,,,,,,,,,,,,,,,,
,,,,,,,,,,,,,,,,,,,,,,,
,,,,,,,,,,,,,,,,,,,,,,,
,,,,,,,,,,,,,,,,,,,,,,,
,,,,,,,,,,,,,,,,,,,,,,,
,,,,,,,,,,,,,,,,,,,,,,,
,,,,,,,,,,,,,,,,,,,,,,,
,,,,,,,,,,,,,,,,,,,,,,,
,,,,,,,,,,,,,,,,,,,,,,,
,,,,,,,,,,,,,,,,,,,,,,,
,,,,,,,,,,,,,,,,,,,,,,,
,,,,,,,,,,,,,,,,,,,,,,,
,,,,,,,,,,,,,,,,,,,,,,,
,,,,,,,,,,,,,,,,,,,,,,,
,,,,,,,,,,,,,,,,,,,,,,,
,,,,,,,,,,,,,,,,,,,,,,,
,,,,,,,,,,,,,,,,,,,,,,,
,,,,,,,,,,,,,,,,,,,,,,,
,,,,,,,,,,,,,,,,,,,,,,,
,,,,,,,,,,,,,,,,,,,,,,,
,,,,,,,,,,,,,,,,,,,,,,,
,,,,,,,,,,,,,,,,,,,,,,,
,,,,,,,,,,,,,,,,,,,,,,,
,,,,,,,,,,,,,,,,,,,,,,,
,,,,,,,,,,,,,,,,,,,,,,,
,,,,,,,,,,,,,,,,,,,,,,,
,,,,,,,,,,,,,,,,,,,,,,,
,,,,,,,,,,,,,,,,,,,,,,,
,,,,,,,,,,,,,,,,,,,,,,,
,,,,,,,,,,,,,,,,,,,,,,,
,,,,,,,,,,,,,,,,,,,,,,,
,,,,,,,,,,,,,,,,,,,,,,,
,,,,,,,,,,,,,,,,,,,,,,,
,,,,,,,,,,,,,,,,,,,,,,,
,,,,,,,,,,,,,,,,,,,,,,,
,,,,,,,,,,,,,,,,,,,,,,,
,,,,,,,,,,,,,,,,,,,,,,,
,,,,,,,,,,,,,,,,,,,,,,,
,,,,,,,,,,,,,,,,,,,,,,,
,,,,,,,,,,,,,,,,,,,,,,,
,,,,,,,,,,,,,,,,,,,,,,,
,,,,,,,,,,,,,,,,,,,,,,,
,,,,,,,,,,,,,,,,,,,,,,,
,,,,,,,,,,,,,,,,,,,,,,,
,,,,,,,,,,,,,,,,,,,,,,,
,,,,,,,,,,,,,,,,,,,,,,,
,,,,,,,,,,,,,,,,,,,,,,,
,,,,,,,,,,,,,,,,,,,,,,,
,,,,,,,,,,,,,,,,,,,,,,,
,,,,,,,,,,,,,,,,,,,,,,,
,,,,,,,,,,,,,,,,,,,,,,,
,,,,,,,,,,,,,,,,,,,,,,,
,,,,,,,,,,,,,,,,,,,,,,,
,,,,,,,,,,,,,,,,,,,,,,,
,,,,,,,,,,,,,,,,,,,,,,,
,,,,,,,,,,,,,,,,,,,,,,,
,,,,,,,,,,,,,,,,,,,,,,,
,,,,,,,,,,,,,,,,,,,,,,,
,,,,,,,,,,,,,,,,,,,,,,,
,,,,,,,,,,,,,,,,,,,,,,,
,,,,,,,,,,,,,,,,,,,,,,,
,,,,,,,,,,,,,,,,,,,,,,,
,,,,,,,,,,,,,,,,,,,,,,,
,,,,,,,,,,,,,,,,,,,,,,,
,,,,,,,,,,,,,,,,,,,,,,,
,,,,,,,,,,,,,,,,,,,,,,,
,,,,,,,,,,,,,,,,,,,,,,,
,,,,,,,,,,,,,,,,,,,,,,,
,,,,,,,,,,,,,,,,,,,,,,,
,,,,,,,,,,,,,,,,,,,,,,,
,,,,,,,,,,,,,,,,,,,,,,,
,,,,,,,,,,,,,,,,,,,,,,,
,,,,,,,,,,,,,,,,,,,,,,,
,,,,,,,,,,,,,,,,,,,,,,,
,,,,,,,,,,,,,,,,,,,,,,,
,,,,,,,,,,,,,,,,,,,,,,,
,,,,,,,,,,,,,,,,,,,,,,,
,,,,,,,,,,,,,,,,,,,,,,,
